code,metric,axis,rate,dec_p_sub,dec_p_ins,dec_p_del,dec_p_erase,decision_depth,max_drift,trials,ref_bits,edit_distance,edit_rate,lock_bits,mean_lock,detect_samples,mean_detect
K3_R1_2,edit,flip,0.0133,0.0133,0,0,0,24,0,30,119280,9,7.5452716e-05,,,,
K3_R1_2,edit,flip,0.0267,0.0267,0,0,0,24,0,30,119280,89,0.00074614353,,,,
K3_R1_2,edit,flip,0,0.001,0,0,0,24,0,30,119280,0,0,,,,
K3_R1_2,edit,flip,0.0467,0.0467,0,0,0,24,0,30,119280,743,0.0062290409,,,,
K3_R1_2,edit,flip,0.04,0.04,0,0,0,24,0,30,119280,420,0.0035211268,,,,
K3_R1_2,edit,flip,0.0533,0.0533,0,0,0,24,0,30,119280,1070,0.0089704896,,,,
K3_R1_2,edit,flip,0.06,0.06,0,0,0,24,0,30,119280,1486,0.012458082,,,,
K3_R1_2,edit,flip,0.0667,0.0667,0,0,0,24,0,30,119280,1906,0.015979209,,,,
K3_R1_2,edit,flip,0.0733,0.0733,0,0,0,24,0,30,119280,2731,0.022895708,,,,
K3_R1_2,edit,flip,0.08,0.08,0,0,0,24,0,30,119280,3566,0.029896043,,,,
K3_R1_2,edit,flip,0.0867,0.0867,0,0,0,24,0,30,119280,4255,0.035672368,,,,
K3_R1_2,edit,flip,0.0933,0.0933,0,0,0,24,0,30,119280,5282,0.044282361,,,,
K3_R1_2,edit,flip,0.1,0.1,0,0,0,24,0,30,119280,6368,0.053386989,,,,
K3_R1_2,edit,flip,0.11,0.11,0,0,0,24,0,30,119280,7697,0.06452884,,,,
K3_R1_2,edit,flip,0.12,0.12,0,0,0,24,0,30,119280,10296,0.086317907,,,,
K3_R1_2,edit,flip,0.13,0.13,0,0,0,24,0,30,119280,11686,0.09797116,,,,
K3_R1_2,edit,flip,0.14,0.14,0,0,0,24,0,30,119280,13722,0.11504024,,,,
K3_R1_2,edit,flip,0.15,0.15,0,0,0,24,0,30,119280,15290,0.12818578,,,,
K3_R1_2,edit,flip,0.16,0.16,0,0,0,24,0,30,119280,17551,0.14714118,,,,
K3_R1_2,edit,flip,0.1733,0.1733,0,0,0,24,0,30,119280,20555,0.17232562,,,,
K3_R1_2,edit,flip,0.1867,0.1867,0,0,0,24,0,30,119280,22611,0.18956237,,,,
K3_R1_2,edit,flip,0.2,0.2,0,0,0,24,0,30,119280,24439,0.20488766,,,,
K3_R1_2,edit,flip,0.2167,0.2167,0,0,0,24,0,30,119280,26931,0.22577968,,,,
K3_R1_2,edit,flip,0.2333,0.2333,0,0,0,24,0,30,119280,28352,0.23769282,,,,
K3_R1_2,edit,flip,0.25,0.25,0,0,0,24,0,30,119280,30156,0.2528169,,,,
K3_R1_2,edit,flip,0.2733,0.2733,0,0,0,24,0,30,119280,31886,0.26732059,,,,
K3_R1_2,edit,flip,0.2967,0.2967,0,0,0,24,0,30,119280,32860,0.27548625,,,,
K3_R1_2,edit,flip,0.32,0.32,0,0,0,24,0,30,119280,33663,0.28221831,,,,
K3_R1_2,edit,insert,0,0.005,0.001,0.001,0,24,8,30,119280,0,0,,,,
K3_R1_2,edit,insert,0.0133,0.005,0.0133,0.001,0,24,8,30,119280,2646,0.022183099,,,,
K3_R1_2,edit,insert,0.0267,0.005,0.0267,0.001,0,24,8,30,119280,4474,0.037508384,,,,
K3_R1_2,edit,insert,0.04,0.005,0.04,0.001,0,24,8,30,119280,5110,0.042840376,,,,
K3_R1_2,edit,insert,0.0467,0.005,0.0467,0.001,0,24,8,30,119280,6865,0.057553655,,,,
K3_R1_2,edit,insert,0.0533,0.005,0.0533,0.001,0,24,8,30,119280,3550,0.029761905,,,,
K3_R1_2,edit,insert,0.06,0.005,0.06,0.001,0,24,8,30,119280,3417,0.028646881,,,,
K3_R1_2,edit,insert,0.0667,0.005,0.0667,0.001,0,24,8,30,119280,3986,0.03341717,,,,
K3_R1_2,edit,insert,0.0733,0.005,0.0733,0.001,0,24,8,30,119280,26424,0.22152918,,,,
K3_R1_2,edit,insert,0.08,0.005,0.08,0.001,0,24,8,30,119280,27534,0.23083501,,,,
K3_R1_2,edit,insert,0.09,0.005,0.09,0.001,0,24,8,30,119280,30073,0.25212106,,,,
K3_R1_2,edit,insert,0.1,0.005,0.1,0.001,0,24,8,30,119280,28254,0.23687123,,,,
K3_R1_2,edit,insert,0.11,0.005,0.11,0.001,0,24,8,30,119280,26250,0.22007042,,,,
K3_R1_2,edit,insert,0.12,0.005,0.12,0.001,0,24,8,30,119280,26421,0.22150402,,,,
K3_R1_2,edit,insert,0.13,0.005,0.13,0.001,0,24,8,30,119280,21416,0.17954393,,,,
K3_R1_2,edit,insert,0.14,0.005,0.14,0.001,0,24,8,30,119280,20973,0.17582998,,,,
K3_R1_2,edit,insert,0.1533,0.005,0.1533,0.001,0,24,8,30,119280,23499,0.19700704,,,,
K3_R1_2,edit,insert,0.1667,0.005,0.1667,0.001,0,24,8,30,119280,24879,0.20857646,,,,
K3_R1_2,edit,insert,0.18,0.005,0.18,0.001,0,24,8,30,119280,20218,0.16950034,,,,
K3_R1_2,edit,insert,0.1933,0.005,0.1933,0.001,0,24,8,30,119280,17777,0.14903588,,,,
K3_R1_2,edit,insert,0.2067,0.005,0.2067,0.001,0,24,8,30,119280,19396,0.16260899,,,,
K3_R1_2,edit,insert,0.22,0.005,0.22,0.001,0,24,8,30,119280,20904,0.17525151,,,,
K3_R1_2,edit,insert,0.2367,0.005,0.2367,0.001,0,24,8,30,119280,22609,0.18954561,,,,
K3_R1_2,edit,insert,0.2533,0.005,0.2533,0.001,0,24,8,30,119280,24691,0.20700034,,,,
K3_R1_2,edit,insert,0.27,0.005,0.27,0.001,0,24,8,30,119280,25141,0.21077297,,,,
K3_R1_2,edit,insert,0.2867,0.005,0.2867,0.001,0,24,8,30,119280,28229,0.23666164,,,,
K3_R1_2,edit,insert,0.3033,0.005,0.3033,0.001,0,24,8,30,119280,31503,0.26410966,,,,
K3_R1_2,edit,insert,0.32,0.005,0.32,0.001,0,24,8,30,119280,31916,0.2675721,,,,
K3_R1_2,edit,delete,0,0.005,0.001,0.001,0,24,8,30,119280,0,0,,,,
K3_R1_2,edit,delete,0.0067,0.005,0.001,0.0067,0,24,8,30,119280,346,0.0029007378,,,,
K3_R1_2,edit,delete,0.0133,0.005,0.001,0.0133,0,24,8,30,119280,1407,0.011795775,,,,
K3_R1_2,edit,delete,0.02,0.005,0.001,0.02,0,24,8,30,119280,2512,0.021059691,,,,
K3_R1_2,edit,delete,0.0267,0.005,0.001,0.0267,0,24,8,30,119280,3567,0.029904427,,,,
K3_R1_2,edit,delete,0.0333,0.005,0.001,0.0333,0,24,8,30,119280,7837,0.065702549,,,,
K3_R1_2,edit,delete,0.04,0.005,0.001,0.04,0,24,8,30,119280,12978,0.10880282,,,,
K3_R1_2,edit,delete,0.0467,0.005,0.001,0.0467,0,24,8,30,119280,18847,0.15800637,,,,
K3_R1_2,edit,delete,0.0533,0.005,0.001,0.0533,0,24,8,30,119280,24011,0.20129946,,,,
K3_R1_2,edit,delete,0.06,0.005,0.001,0.06,0,24,8,30,119280,26077,0.21862005,,,,
K3_R1_2,edit,delete,0.0667,0.005,0.001,0.0667,0,24,8,30,119280,16425,0.13770121,,,,
K3_R1_2,edit,delete,0.0733,0.005,0.001,0.0733,0,24,8,30,119280,20955,0.17567907,,,,
K3_R1_2,edit,delete,0.08,0.005,0.001,0.08,0,24,8,30,119280,23842,0.19988263,,,,
K3_R1_2,edit,delete,0.09,0.005,0.001,0.09,0,24,8,30,119280,25387,0.21283535,,,,
K3_R1_2,edit,delete,0.1,0.005,0.001,0.1,0,24,8,30,119280,7092,0.05945674,,,,
K3_R1_2,edit,delete,0.11,0.005,0.001,0.11,0,24,8,30,119280,8954,0.075067069,,,,
K3_R1_2,edit,delete,0.12,0.005,0.001,0.12,0,24,8,30,119280,10486,0.087910798,,,,
K3_R1_2,edit,delete,0.13,0.005,0.001,0.13,0,24,8,30,119280,12360,0.10362173,,,,
K3_R1_2,edit,delete,0.14,0.005,0.001,0.14,0,24,8,30,119280,13473,0.11295272,,,,
K3_R1_2,edit,delete,0.1533,0.005,0.001,0.1533,0,24,8,30,119280,25308,0.21217304,,,,
K3_R1_2,edit,delete,0.1667,0.005,0.001,0.1667,0,24,8,30,119280,26665,0.22354963,,,,
K3_R1_2,edit,delete,0.18,0.005,0.001,0.18,0,24,8,30,119280,28473,0.23870724,,,,
K3_R1_2,edit,delete,0.1967,0.005,0.001,0.1967,0,24,8,30,119280,29782,0.24968142,,,,
K3_R1_2,edit,delete,0.2133,0.005,0.001,0.2133,0,24,8,30,119280,20960,0.17572099,,,,
K3_R1_2,edit,delete,0.23,0.005,0.001,0.23,0,24,8,30,119280,23667,0.19841549,,,,
K3_R1_2,edit,delete,0.26,0.005,0.001,0.26,0,24,8,30,119280,27131,0.22745641,,,,
K3_R1_2,edit,delete,0.29,0.005,0.001,0.29,0,24,8,30,119280,30022,0.25169349,,,,
K3_R1_2,edit,erase,0,0.005,0,0,0.001,24,0,30,119280,0,0,,,,
K3_R1_2,edit,erase,0.1,0.005,0,0,0.1,24,0,30,119280,1,8.3836351e-06,,,,
K3_R1_2,edit,erase,0.2,0.005,0,0,0.2,24,0,30,119280,47,0.00039403085,,,,
K3_R1_2,edit,erase,0.3,0.005,0,0,0.3,24,0,30,119280,602,0.0050469484,,,,
K3_R1_2,edit,delete,0.32,0.005,0.001,0.32,0,24,8,30,119280,32875,0.27561201,,,,
K3_R1_2,edit,erase,0.34,0.005,0,0,0.34,24,0,30,119280,1283,0.010756204,,,,
K3_R1_2,edit,erase,0.38,0.005,0,0,0.38,24,0,30,119280,2604,0.021830986,,,,
K3_R1_2,edit,erase,0.42,0.005,0,0,0.42,24,0,30,119280,4797,0.040216298,,,,
K3_R1_2,edit,erase,0.4467,0.005,0,0,0.4467,24,0,30,119280,7201,0.060370557,,,,
K3_R1_2,edit,erase,0.4733,0.005,0,0,0.4733,24,0,30,119280,9430,0.079057679,,,,
K3_R1_2,edit,erase,0.5,0.005,0,0,0.5,24,0,30,119280,12437,0.10426727,,,,
K3_R1_2,edit,erase,0.5267,0.005,0,0,0.5267,24,0,30,119280,15764,0.13215962,,,,
K3_R1_2,edit,erase,0.5533,0.005,0,0,0.5533,24,0,30,119280,18966,0.15900402,,,,
K3_R1_2,edit,erase,0.58,0.005,0,0,0.58,24,0,30,119280,22422,0.18797787,,,,
K3_R1_2,edit,erase,0.6033,0.005,0,0,0.6033,24,0,30,119280,25567,0.2143444,,,,
K3_R1_2,edit,erase,0.6267,0.005,0,0,0.6267,24,0,30,119280,28312,0.23735748,,,,
K3_R1_2,edit,erase,0.65,0.005,0,0,0.65,24,0,30,119280,30961,0.25956573,,,,
K3_R1_2,edit,erase,0.6733,0.005,0,0,0.6733,24,0,30,119280,33496,0.28081824,,,,
K3_R1_2,edit,erase,0.6967,0.005,0,0,0.6967,24,0,30,119280,35542,0.29797116,,,,
K3_R1_2,edit,erase,0.72,0.005,0,0,0.72,24,0,30,119280,36861,0.30902918,,,,
K3_R1_2,edit,erase,0.7433,0.005,0,0,0.7433,24,0,30,119280,39787,0.33355969,,,,
K3_R1_2,edit,erase,0.7667,0.005,0,0,0.7667,24,0,30,119280,41228,0.34564051,,,,
K3_R1_2,edit,erase,0.79,0.005,0,0,0.79,24,0,30,119280,42782,0.35866868,,,,
K3_R1_2,edit,erase,0.8133,0.005,0,0,0.8133,24,0,30,119280,44387,0.37212441,,,,
K3_R1_2,edit,erase,0.8367,0.005,0,0,0.8367,24,0,30,119280,46047,0.38604125,,,,
K3_R1_2,edit,erase,0.86,0.005,0,0,0.86,24,0,30,119280,47932,0.4018444,,,,
K3_R1_2,edit,erase,0.88,0.005,0,0,0.88,24,0,30,119280,49465,0.41469651,,,,
K3_R1_2,edit,erase,0.9,0.005,0,0,0.9,24,0,30,119280,50984,0.42743125,,,,
K3_R1_2,lock,flip,0,0.001,0,0,0,24,0,30,,,,118590,0.99997315,,
K3_R1_2,lock,flip,0.0133,0.0133,0,0,0,24,0,30,,,,118590,0.97288318,,
K3_R1_2,lock,flip,0.0267,0.0267,0,0,0,24,0,30,,,,118590,0.96025997,,
K3_R1_2,lock,flip,0.04,0.04,0,0,0,24,0,30,,,,118590,0.95159692,,
K3_R1_2,lock,flip,0.05,0.05,0,0,0,24,0,30,,,,118590,0.94886068,,
K3_R1_2,lock,flip,0.06,0.06,0,0,0,24,0,30,,,,118590,0.94812161,,
K3_R1_2,lock,flip,0.07,0.07,0,0,0,24,0,30,,,,118590,0.94729496,,
K3_R1_2,lock,flip,0.08,0.08,0,0,0,24,0,30,,,,118590,0.94783818,,
K3_R1_2,edit,erase,0.92,0.005,0,0,0.92,24,0,30,119280,52447,0.43969651,,,,
K3_R1_2,lock,flip,0.09,0.09,0,0,0,24,0,30,,,,118590,0.95070447,,
K3_R1_2,lock,flip,0.1,0.1,0,0,0,24,0,30,,,,118590,0.95422719,,
K3_R1_2,lock,flip,0.1133,0.1133,0,0,0,24,0,30,,,,118590,0.96389502,,
K3_R1_2,lock,flip,0.1267,0.1267,0,0,0,24,0,30,,,,118590,0.97561112,,
K3_R1_2,lock,flip,0.14,0.14,0,0,0,24,0,30,,,,118590,0.98619367,,
K3_R1_2,lock,flip,0.16,0.16,0,0,0,24,0,30,,,,118590,0.99765167,,
K3_R1_2,lock,flip,0.18,0.18,0,0,0,24,0,30,,,,118590,0.99998547,,
K3_R1_2,lock,flip,0.2,0.2,0,0,0,24,0,30,,,,118590,1,,
K3_R1_2,lock,flip,0.25,0.25,0,0,0,24,0,30,,,,118590,1,,
K3_R1_2,lock,flip,0.3,0.3,0,0,0,24,0,30,,,,118590,1,,
K3_R1_2,lock,flip,0.35,0.35,0,0,0,24,0,30,,,,118590,1,,
K3_R1_2,lock,flip,0.5667,0.5667,0,0,0,24,0,30,,,,118590,1,,
K3_R1_2,lock,flip,0.7833,0.7833,0,0,0,24,0,30,,,,118590,1,,
K3_R1_2,lock,flip,1,0.999,0,0,0,24,0,30,,,,118590,0.99997315,,
K3_R1_2,lock,insert,0,0.005,0.001,0.001,0,24,8,30,,,,118470,1,,
K3_R1_2,lock,insert,0.0133,0.005,0.0133,0.001,0,24,8,30,,,,118609,0.97001178,,
K3_R1_2,lock,insert,0.0267,0.005,0.0267,0.001,0,24,8,30,,,,118830,0.94684331,,
K3_R1_2,lock,insert,0.04,0.005,0.04,0.001,0,24,8,30,,,,119194,0.92652069,,
K3_R1_2,lock,insert,0.0533,0.005,0.0533,0.001,0,24,8,30,,,,119735,0.90652144,,
K3_R1_2,lock,insert,0.0667,0.005,0.0667,0.001,0,24,8,30,,,,120433,0.88965634,,
K3_R1_2,lock,insert,0.08,0.005,0.08,0.001,0,24,8,30,,,,120938,0.87583471,,
K3_R1_2,lock,insert,0.0967,0.005,0.0967,0.001,0,24,8,30,,,,121880,0.85986213,,
K3_R1_2,lock,insert,0.1133,0.005,0.1133,0.001,0,24,8,30,,,,121833,0.84716858,,
K3_R1_2,lock,insert,0.13,0.005,0.13,0.001,0,24,8,30,,,,121696,0.83884904,,
K3_R1_2,lock,insert,0.15,0.005,0.15,0.001,0,24,8,30,,,,122150,0.83179805,,
K3_R1_2,lock,insert,0.17,0.005,0.17,0.001,0,24,8,30,,,,123240,0.82541389,,
K3_R1_2,lock,insert,0.19,0.005,0.19,0.001,0,24,8,30,,,,123563,0.8223653,,
K3_R1_2,lock,insert,0.2133,0.005,0.2133,0.001,0,24,8,30,,,,125053,0.82173901,,
K3_R1_2,lock,insert,0.2367,0.005,0.2367,0.001,0,24,8,30,,,,125985,0.82394152,,
K3_R1_2,lock,insert,0.26,0.005,0.26,0.001,0,24,8,30,,,,126900,0.82544545,,
K3_R1_2,lock,insert,0.2867,0.005,0.2867,0.001,0,24,8,30,,,,126900,0.83254059,,
K3_R1_2,lock,insert,0.3133,0.005,0.3133,0.001,0,24,8,30,,,,126900,0.83716952,,
K3_R1_2,lock,insert,0.34,0.005,0.34,0.001,0,24,8,30,,,,126900,0.84441663,,
K3_R1_2,lock,insert,0.3767,0.005,0.3767,0.001,0,24,8,30,,,,126900,0.85500184,,
K3_R1_2,lock,insert,0.4133,0.005,0.4133,0.001,0,24,8,30,,,,126900,0.86496849,,
K3_R1_2,lock,insert,0.45,0.005,0.45,0.001,0,24,8,30,,,,126900,0.87946481,,
K3_R1_2,lock,insert,0.5167,0.005,0.5167,0.001,0,24,8,30,,,,126900,0.90078974,,
K3_R1_2,lock,insert,0.5833,0.005,0.5833,0.001,0,24,8,30,,,,126900,0.92153371,,
K3_R1_2,lock,insert,0.65,0.005,0.65,0.001,0,24,8,30,,,,126900,0.94042824,,
K3_R1_2,lock,insert,0.7667,0.005,0.7667,0.001,0,24,8,30,,,,126900,0.97016313,,
K3_R1_2,lock,insert,0.8833,0.005,0.8833,0.001,0,24,8,30,,,,126900,0.99442664,,
K3_R1_2,lock,insert,1,0.005,0.998,0.001,0,24,8,30,,,,126900,1,,
K3_R1_2,lock,delete,0,0.005,0.001,0.001,0,24,8,30,,,,118470,1,,
K3_R1_2,lock,delete,0.0133,0.005,0.001,0.0133,0,24,8,30,,,,118318,0.9703321,,
K3_R1_2,lock,delete,0.0267,0.005,0.001,0.0267,0,24,8,30,,,,117965,0.94842184,,
K3_R1_2,lock,delete,0.04,0.005,0.001,0.04,0,24,8,30,,,,117432,0.9303039,,
K3_R1_2,lock,delete,0.0533,0.005,0.001,0.0533,0,24,8,30,,,,116573,0.91522405,,
K3_R1_2,lock,delete,0.0667,0.005,0.001,0.0667,0,24,8,30,,,,117252,0.90313747,,
K3_R1_2,lock,delete,0.08,0.005,0.001,0.08,0,24,8,30,,,,116869,0.89151382,,
K3_R1_2,lock,delete,0.0967,0.005,0.001,0.0967,0,24,8,30,,,,116185,0.88273665,,
K3_R1_2,lock,delete,0.1133,0.005,0.001,0.1133,0,24,8,30,,,,115295,0.87811308,,
K3_R1_2,lock,delete,0.13,0.005,0.001,0.13,0,24,8,30,,,,114143,0.87705992,,
K3_R1_2,lock,delete,0.15,0.005,0.001,0.15,0,24,8,30,,,,112762,0.87706,,
K3_R1_2,lock,delete,0.17,0.005,0.001,0.17,0,24,8,30,,,,110950,0.87804416,,
K3_R1_2,lock,delete,0.19,0.005,0.001,0.19,0,24,8,30,,,,109037,0.88236869,,
K3_R1_2,lock,delete,0.2267,0.005,0.001,0.2267,0,24,8,30,,,,105774,0.89416184,,
K3_R1_2,lock,delete,0.2633,0.005,0.001,0.2633,0,24,8,30,,,,101777,0.90913505,,
K3_R1_2,lock,delete,0.3,0.005,0.001,0.3,0,24,8,30,,,,96839,0.92473728,,
K3_R1_2,lock,delete,0.3667,0.005,0.001,0.3667,0,24,8,30,,,,88227,0.95634362,,
K3_R1_2,lock,delete,0.4333,0.005,0.001,0.4333,0,24,8,30,,,,79086,0.98837925,,
K3_R1_2,lock,delete,0.5,0.005,0.001,0.5,0,24,8,30,,,,118258,1,,
K3_R1_2,lock,delete,0.6,0.005,0.001,0.6,0,24,8,30,,,,93970,1,,
K3_R1_2,lock,delete,0.7,0.005,0.001,0.7,0,24,8,30,,,,69882,1,,
K3_R1_2,lock,delete,0.8,0.005,0.001,0.8,0,24,8,30,,,,46154,1,,
K3_R1_2,lock,delete,0.8333,0.005,0.001,0.8333,0,24,8,30,,,,38224,1,,
K3_R1_2,lock,delete,0.8667,0.005,0.001,0.8667,0,24,8,30,,,,30392,1,,
K3_R1_2,lock,delete,0.9,0.005,0.001,0.9,0,24,8,30,,,,22286,1,,
K3_R1_2,lock,delete,0.9167,0.005,0.001,0.9167,0,24,8,30,,,,18106,1,,
K3_R1_2,lock,delete,0.9333,0.005,0.001,0.9333,0,24,8,30,,,,14315,1,,
K3_R1_2,lock,delete,0.95,0.005,0.001,0.95,0,24,8,30,,,,10395,1,,
K3_R1_2,lock,delete,0.9667,0.005,0.001,0.9667,0,24,8,30,,,,6236,1,,
K3_R1_2,lock,delete,1,0.005,0.001,0.998,0,24,8,30,,,,0,0,,
K3_R1_2,lock,delete,0.9833,0.005,0.001,0.9833,0,24,8,30,,,,2202,1,,
K3_R1_2,lock,erase,0,0.005,0,0,0.001,24,0,30,,,,118590,1,,
K3_R1_2,lock,erase,0.02,0.005,0,0,0.02,24,0,30,,,,118590,0.98310276,,
K3_R1_2,lock,erase,0.04,0.005,0,0,0.04,24,0,30,,,,118590,0.97861101,,
K3_R1_2,lock,erase,0.06,0.005,0,0,0.06,24,0,30,,,,118590,0.97845619,,
K3_R1_2,lock,erase,0.09,0.005,0,0,0.09,24,0,30,,,,118590,0.97625961,,
K3_R1_2,lock,erase,0.12,0.005,0,0,0.12,24,0,30,,,,118590,0.97608905,,
K3_R1_2,lock,erase,0.15,0.005,0,0,0.15,24,0,30,,,,118590,0.9772269,,
K3_R1_2,lock,erase,0.1933,0.005,0,0,0.1933,24,0,30,,,,118590,0.97841716,,
K3_R1_2,lock,erase,0.2367,0.005,0,0,0.2367,24,0,30,,,,118590,0.98007527,,
K3_R1_2,lock,erase,0.28,0.005,0,0,0.28,24,0,30,,,,118590,0.9827667,,
K3_R1_2,lock,erase,0.3367,0.005,0,0,0.3367,24,0,30,,,,118590,0.98793618,,
K3_R1_2,lock,erase,0.3933,0.005,0,0,0.3933,24,0,30,,,,118590,0.99281995,,
K3_R1_2,lock,erase,0.45,0.005,0,0,0.45,24,0,30,,,,118590,0.99840703,,
K3_R1_2,lock,erase,0.5167,0.005,0,0,0.5167,24,0,30,,,,118590,0.99998151,,
K3_R1_2,lock,erase,0.65,0.005,0,0,0.65,24,0,30,,,,118590,0.97207502,,
K3_R1_2,lock,erase,0.7167,0.005,0,0,0.7167,24,0,30,,,,118590,0.94446586,,
K3_R1_2,lock,erase,0.5833,0.005,0,0,0.5833,24,0,30,,,,118590,0.98973497,,
K3_R1_2,lock,erase,0.7833,0.005,0,0,0.7833,24,0,30,,,,118590,0.89945324,,
K3_R1_2,lock,erase,0.85,0.005,0,0,0.85,24,0,30,,,,118590,0.83072036,,
K3_R1_2,lock,erase,0.9,0.005,0,0,0.9,24,0,30,,,,118590,0.75636524,,
K3_R1_2,lock,erase,0.95,0.005,0,0,0.95,24,0,30,,,,118590,0.67570111,,
K3_R1_2,lock,erase,1,0.005,0,0,0.999,24,0,30,,,,118590,1,,
K7_R1_2,edit,flip,0,0.001,0,0,0,56,0,30,118320,0,0,,,,
K7_R1_2,edit,flip,0.0133,0.0133,0,0,0,56,0,30,118320,0,0,,,,
K7_R1_2,edit,flip,0.0267,0.0267,0,0,0,56,0,30,118320,5,4.2258283e-05,,,,
K7_R1_2,edit,flip,0.04,0.04,0,0,0,56,0,30,118320,77,0.00065077755,,,,
K7_R1_2,edit,flip,0.0467,0.0467,0,0,0,56,0,30,118320,102,0.00086206897,,,,
K7_R1_2,edit,flip,0.0533,0.0533,0,0,0,56,0,30,118320,293,0.0024763354,,,,
K7_R1_2,edit,flip,0.06,0.06,0,0,0,56,0,30,118320,471,0.0039807302,,,,
K7_R1_2,edit,flip,0.0667,0.0667,0,0,0,56,0,30,118320,1147,0.00969405,,,,
K7_R1_2,edit,flip,0.0733,0.0733,0,0,0,56,0,30,118320,1938,0.01637931,,,,
K7_R1_2,edit,flip,0.08,0.08,0,0,0,56,0,30,118320,2522,0.021315078,,,,
K7_R1_2,edit,flip,0.0867,0.0867,0,0,0,56,0,30,118320,4564,0.03857336,,,,
K7_R1_2,edit,flip,0.0933,0.0933,0,0,0,56,0,30,118320,5930,0.050118323,,,,
K7_R1_2,edit,flip,0.1,0.1,0,0,0,56,0,30,118320,8119,0.068618999,,,,
K7_R1_2,edit,flip,0.11,0.11,0,0,0,56,0,30,118320,11652,0.098478702,,,,
K7_R1_2,edit,flip,0.12,0.12,0,0,0,56,0,30,118320,15750,0.13311359,,,,
K7_R1_2,edit,flip,0.13,0.13,0,0,0,56,0,30,118320,19303,0.16314233,,,,
K7_R1_2,edit,flip,0.14,0.14,0,0,0,56,0,30,118320,21984,0.18580122,,,,
K7_R1_2,edit,flip,0.15,0.15,0,0,0,56,0,30,118320,25190,0.21289723,,,,
K7_R1_2,edit,flip,0.16,0.16,0,0,0,56,0,30,118320,27574,0.23304598,,,,
K7_R1_2,edit,flip,0.1733,0.1733,0,0,0,56,0,30,118320,30181,0.25507945,,,,
K7_R1_2,edit,flip,0.1867,0.1867,0,0,0,56,0,30,118320,31961,0.27012339,,,,
K7_R1_2,edit,flip,0.2,0.2,0,0,0,56,0,30,118320,32965,0.27860886,,,,
K7_R1_2,edit,flip,0.2167,0.2167,0,0,0,56,0,30,118320,33385,0.28215855,,,,
K7_R1_2,edit,flip,0.2333,0.2333,0,0,0,56,0,30,118320,34029,0.28760142,,,,
K7_R1_2,edit,flip,0.25,0.25,0,0,0,56,0,30,118320,34137,0.2885142,,,,
K7_R1_2,edit,flip,0.2733,0.2733,0,0,0,56,0,30,118320,34224,0.28924949,,,,
K7_R1_2,edit,flip,0.2967,0.2967,0,0,0,56,0,30,118320,34327,0.29012001,,,,
K7_R1_2,edit,flip,0.32,0.32,0,0,0,56,0,30,118320,34459,0.29123563,,,,
K7_R1_2,edit,insert,0,0.005,0.001,0.001,0,56,8,30,118320,0,0,,,,
K7_R1_2,edit,insert,0.0133,0.005,0.0133,0.001,0,56,8,30,118320,1317,0.011130832,,,,
K7_R1_2,edit,insert,0.0267,0.005,0.0267,0.001,0,56,8,30,118320,3240,0.027383367,,,,
K7_R1_2,edit,insert,0.04,0.005,0.04,0.001,0,56,8,30,118320,4313,0.036451995,,,,
K7_R1_2,edit,insert,0.0467,0.005,0.0467,0.001,0,56,8,30,118320,6145,0.051935429,,,,
K7_R1_2,edit,insert,0.0533,0.005,0.0533,0.001,0,56,8,30,118320,2749,0.023233604,,,,
K7_R1_2,edit,insert,0.06,0.005,0.06,0.001,0,56,8,30,118320,2887,0.024399932,,,,
K7_R1_2,edit,insert,0.0667,0.005,0.0667,0.001,0,56,8,30,118320,2607,0.022033469,,,,
K7_R1_2,edit,insert,0.0733,0.005,0.0733,0.001,0,56,8,30,118320,13548,0.11450304,,,,
K7_R1_2,edit,insert,0.08,0.005,0.08,0.001,0,56,8,30,118320,14972,0.1265382,,,,
K7_R1_2,edit,insert,0.09,0.005,0.09,0.001,0,56,8,30,118320,19718,0.16664976,,,,
K7_R1_2,edit,insert,0.1,0.005,0.1,0.001,0,56,8,30,118320,22923,0.19373732,,,,
K7_R1_2,edit,insert,0.11,0.005,0.11,0.001,0,56,8,30,118320,23491,0.19853786,,,,
K7_R1_2,edit,insert,0.12,0.005,0.12,0.001,0,56,8,30,118320,25832,0.21832319,,,,
K7_R1_2,edit,insert,0.13,0.005,0.13,0.001,0,56,8,30,118320,21241,0.17952164,,,,
K7_R1_2,edit,insert,0.14,0.005,0.14,0.001,0,56,8,30,118320,21921,0.18526876,,,,
K7_R1_2,edit,insert,0.1533,0.005,0.1533,0.001,0,56,8,30,118320,24661,0.2084263,,,,
K7_R1_2,edit,insert,0.1667,0.005,0.1667,0.001,0,56,8,30,118320,27771,0.23471095,,,,
K7_R1_2,edit,insert,0.18,0.005,0.18,0.001,0,56,8,30,118320,24800,0.20960108,,,,
K7_R1_2,edit,insert,0.1933,0.005,0.1933,0.001,0,56,8,30,118320,26339,0.22260818,,,,
K7_R1_2,edit,insert,0.2067,0.005,0.2067,0.001,0,56,8,30,118320,28839,0.24373732,,,,
K7_R1_2,edit,insert,0.22,0.005,0.22,0.001,0,56,8,30,118320,30837,0.26062373,,,,
K7_R1_2,edit,insert,0.2367,0.005,0.2367,0.001,0,56,8,30,118320,32578,0.27533807,,,,
K7_R1_2,edit,insert,0.2533,0.005,0.2533,0.001,0,56,8,30,118320,34591,0.29235125,,,,
K7_R1_2,edit,insert,0.27,0.005,0.27,0.001,0,56,8,30,118320,35892,0.30334686,,,,
K7_R1_2,edit,insert,0.2867,0.005,0.2867,0.001,0,56,8,30,118320,37608,0.3178499,,,,
K7_R1_2,edit,insert,0.3033,0.005,0.3033,0.001,0,56,8,30,118320,37612,0.31788371,,,,
K7_R1_2,edit,insert,0.32,0.005,0.32,0.001,0,56,8,30,118320,37885,0.32019101,,,,
K7_R1_2,edit,delete,0,0.005,0.001,0.001,0,56,8,30,118320,0,0,,,,
K7_R1_2,edit,delete,0.0067,0.005,0.001,0.0067,0,56,8,30,118320,137,0.0011578769,,,,
K7_R1_2,edit,delete,0.0133,0.005,0.001,0.0133,0,56,8,30,118320,444,0.0037525355,,,,
K7_R1_2,edit,delete,0.02,0.005,0.001,0.02,0,56,8,30,118320,782,0.0066091954,,,,
K7_R1_2,edit,delete,0.0267,0.005,0.001,0.0267,0,56,8,30,118320,2003,0.016928668,,,,
K7_R1_2,edit,delete,0.0333,0.005,0.001,0.0333,0,56,8,30,118320,4613,0.038987492,,,,
K7_R1_2,edit,delete,0.04,0.005,0.001,0.04,0,56,8,30,118320,9174,0.077535497,,,,
K7_R1_2,edit,delete,0.0467,0.005,0.001,0.0467,0,56,8,30,118320,15570,0.13159229,,,,
K7_R1_2,edit,delete,0.0533,0.005,0.001,0.0533,0,56,8,30,118320,19520,0.16497634,,,,
K7_R1_2,edit,delete,0.06,0.005,0.001,0.06,0,56,8,30,118320,23489,0.19852096,,,,
K7_R1_2,edit,delete,0.0667,0.005,0.001,0.0667,0,56,8,30,118320,16869,0.14257099,,,,
K7_R1_2,edit,delete,0.0733,0.005,0.001,0.0733,0,56,8,30,118320,19623,0.16584686,,,,
K7_R1_2,edit,delete,0.08,0.005,0.001,0.08,0,56,8,30,118320,21279,0.1798428,,,,
K7_R1_2,edit,delete,0.09,0.005,0.001,0.09,0,56,8,30,118320,24133,0.20396383,,,,
K7_R1_2,edit,delete,0.1,0.005,0.001,0.1,0,56,8,30,118320,9385,0.079318796,,,,
K7_R1_2,edit,delete,0.11,0.005,0.001,0.11,0,56,8,30,118320,18664,0.15774172,,,,
K7_R1_2,edit,delete,0.12,0.005,0.001,0.12,0,56,8,30,118320,21440,0.18120352,,,,
K7_R1_2,edit,delete,0.13,0.005,0.001,0.13,0,56,8,30,118320,23796,0.20111562,,,,
K7_R1_2,edit,delete,0.14,0.005,0.001,0.14,0,56,8,30,118320,26177,0.22123901,,,,
K7_R1_2,edit,delete,0.1533,0.005,0.001,0.1533,0,56,8,30,118320,32809,0.2772904,,,,
K7_R1_2,edit,delete,0.1667,0.005,0.001,0.1667,0,56,8,30,118320,31876,0.269405,,,,
K7_R1_2,edit,delete,0.18,0.005,0.001,0.18,0,56,8,30,118320,33646,0.28436444,,,,
K7_R1_2,edit,delete,0.1967,0.005,0.001,0.1967,0,56,8,30,118320,34497,0.2915568,,,,
K7_R1_2,edit,delete,0.2133,0.005,0.001,0.2133,0,56,8,30,118320,30891,0.26108012,,,,
K7_R1_2,edit,delete,0.23,0.005,0.001,0.23,0,56,8,30,118320,32664,0.27606491,,,,
K7_R1_2,edit,delete,0.26,0.005,0.001,0.26,0,56,8,30,118320,34168,0.2887762,,,,
K7_R1_2,edit,delete,0.29,0.005,0.001,0.29,0,56,8,30,118320,35606,0.30092968,,,,
K7_R1_2,edit,erase,0,0.005,0,0,0.001,56,0,30,118320,0,0,,,,
K7_R1_2,edit,erase,0.1,0.005,0,0,0.1,56,0,30,118320,0,0,,,,
K7_R1_2,edit,erase,0.2,0.005,0,0,0.2,56,0,30,118320,0,0,,,,
K7_R1_2,edit,delete,0.32,0.005,0.001,0.32,0,56,8,30,118320,37224,0.31460446,,,,
K7_R1_2,edit,erase,0.3,0.005,0,0,0.3,56,0,30,118320,17,0.00014367816,,,,
K7_R1_2,edit,erase,0.34,0.005,0,0,0.34,56,0,30,118320,124,0.0010480054,,,,
K7_R1_2,edit,erase,0.38,0.005,0,0,0.38,56,0,30,118320,558,0.0047160243,,,,
K7_R1_2,edit,erase,0.42,0.005,0,0,0.42,56,0,30,118320,2078,0.017562542,,,,
K7_R1_2,edit,erase,0.4467,0.005,0,0,0.4467,56,0,30,118320,4708,0.039790399,,,,
K7_R1_2,edit,erase,0.4733,0.005,0,0,0.4733,56,0,30,118320,9235,0.078051048,,,,
K7_R1_2,edit,erase,0.5,0.005,0,0,0.5,56,0,30,118320,15569,0.13158384,,,,
K7_R1_2,edit,erase,0.5267,0.005,0,0,0.5267,56,0,30,118320,22682,0.19170047,,,,
K7_R1_2,edit,erase,0.5533,0.005,0,0,0.5533,56,0,30,118320,28210,0.23842123,,,,
K7_R1_2,edit,erase,0.58,0.005,0,0,0.58,56,0,30,118320,32241,0.27248986,,,,
K7_R1_2,edit,erase,0.6033,0.005,0,0,0.6033,56,0,30,118320,34204,0.28908046,,,,
K7_R1_2,edit,erase,0.6267,0.005,0,0,0.6267,56,0,30,118320,35250,0.29792089,,,,
K7_R1_2,edit,erase,0.65,0.005,0,0,0.65,56,0,30,118320,36565,0.30903482,,,,
K7_R1_2,edit,erase,0.6733,0.005,0,0,0.6733,56,0,30,118320,37596,0.31774848,,,,
K7_R1_2,edit,erase,0.6967,0.005,0,0,0.6967,56,0,30,118320,38528,0.32562542,,,,
K7_R1_2,edit,erase,0.72,0.005,0,0,0.72,56,0,30,118320,39544,0.33421231,,,,
K7_R1_2,edit,erase,0.7433,0.005,0,0,0.7433,56,0,30,118320,40632,0.34340771,,,,
K7_R1_2,edit,erase,0.7667,0.005,0,0,0.7667,56,0,30,118320,42277,0.35731068,,,,
K7_R1_2,edit,erase,0.79,0.005,0,0,0.79,56,0,30,118320,43256,0.36558485,,,,
K7_R1_2,edit,erase,0.8133,0.005,0,0,0.8133,56,0,30,118320,44742,0.37814402,,,,
K7_R1_2,edit,erase,0.8367,0.005,0,0,0.8367,56,0,30,118320,46107,0.38968053,,,,
K7_R1_2,edit,erase,0.86,0.005,0,0,0.86,56,0,30,118320,47691,0.40306795,,,,
K7_R1_2,edit,erase,0.88,0.005,0,0,0.88,56,0,30,118320,49326,0.41688641,,,,
K7_R1_2,edit,erase,0.9,0.005,0,0,0.9,56,0,30,118320,50640,0.42799189,,,,
K7_R1_2,lock,flip,0,0.001,0,0,0,56,0,30,,,,116790,0.99993867,,
K7_R1_2,edit,erase,0.92,0.005,0,0,0.92,56,0,30,118320,52317,0.44216531,,,,
K7_R1_2,lock,flip,0.0133,0.0133,0,0,0,56,0,30,,,,116790,0.98197349,,
K7_R1_2,lock,flip,0.0267,0.0267,0,0,0,56,0,30,,,,116790,0.97341414,,
K7_R1_2,lock,flip,0.04,0.04,0,0,0,56,0,30,,,,116790,0.96793003,,
K7_R1_2,lock,flip,0.05,0.05,0,0,0,56,0,30,,,,116790,0.96487277,,
K7_R1_2,lock,flip,0.06,0.06,0,0,0,56,0,30,,,,116790,0.9608063,,
K7_R1_2,lock,flip,0.07,0.07,0,0,0,56,0,30,,,,116790,0.95971578,,
K7_R1_2,lock,flip,0.08,0.08,0,0,0,56,0,30,,,,116790,0.95809573,,
K7_R1_2,lock,flip,0.09,0.09,0,0,0,56,0,30,,,,116790,0.96012214,,
K7_R1_2,lock,flip,0.1,0.1,0,0,0,56,0,30,,,,116790,0.96903769,,
K7_R1_2,lock,flip,0.1133,0.1133,0,0,0,56,0,30,,,,116790,0.97935252,,
K7_R1_2,lock,flip,0.1267,0.1267,0,0,0,56,0,30,,,,116790,0.99415074,,
K7_R1_2,lock,flip,0.14,0.14,0,0,0,56,0,30,,,,116790,0.99958293,,
K7_R1_2,lock,flip,0.16,0.16,0,0,0,56,0,30,,,,116790,1,,
K7_R1_2,lock,flip,0.18,0.18,0,0,0,56,0,30,,,,116790,1,,
K7_R1_2,lock,flip,0.2,0.2,0,0,0,56,0,30,,,,116790,1,,
K7_R1_2,lock,flip,0.25,0.25,0,0,0,56,0,30,,,,116790,1,,
K7_R1_2,lock,flip,0.3,0.3,0,0,0,56,0,30,,,,116790,1,,
K7_R1_2,lock,flip,0.35,0.35,0,0,0,56,0,30,,,,116790,1,,
K7_R1_2,lock,flip,0.5667,0.5667,0,0,0,56,0,30,,,,116790,1,,
K7_R1_2,lock,flip,0.7833,0.7833,0,0,0,56,0,30,,,,116790,1,,
K7_R1_2,lock,flip,1,0.999,0,0,0,56,0,30,,,,116790,0.99993867,,
K7_R1_2,lock,insert,0,0.005,0.001,0.001,0,56,8,30,,,,116670,1,,
K7_R1_2,lock,insert,0.0133,0.005,0.0133,0.001,0,56,8,30,,,,116736,0.97191596,,
K7_R1_2,lock,insert,0.0267,0.005,0.0267,0.001,0,56,8,30,,,,116770,0.94672101,,
K7_R1_2,lock,insert,0.04,0.005,0.04,0.001,0,56,8,30,,,,116857,0.92416369,,
K7_R1_2,lock,insert,0.0533,0.005,0.0533,0.001,0,56,8,30,,,,116959,0.90201466,,
K7_R1_2,lock,insert,0.0667,0.005,0.0667,0.001,0,56,8,30,,,,117155,0.88427642,,
K7_R1_2,lock,insert,0.08,0.005,0.08,0.001,0,56,8,30,,,,117481,0.86821147,,
K7_R1_2,lock,insert,0.0967,0.005,0.0967,0.001,0,56,8,30,,,,118086,0.84976547,,
K7_R1_2,lock,insert,0.1133,0.005,0.1133,0.001,0,56,8,30,,,,118952,0.83563435,,
K7_R1_2,lock,insert,0.13,0.005,0.13,0.001,0,56,8,30,,,,119331,0.82632999,,
K7_R1_2,lock,insert,0.15,0.005,0.15,0.001,0,56,8,30,,,,120546,0.81734103,,
K7_R1_2,lock,insert,0.17,0.005,0.17,0.001,0,56,8,30,,,,122222,0.81312485,,
K7_R1_2,lock,insert,0.19,0.005,0.19,0.001,0,56,8,30,,,,122745,0.81440105,,
K7_R1_2,lock,insert,0.2133,0.005,0.2133,0.001,0,56,8,30,,,,124730,0.81864752,,
K7_R1_2,lock,insert,0.2367,0.005,0.2367,0.001,0,56,8,30,,,,125795,0.82547459,,
K7_R1_2,lock,insert,0.26,0.005,0.26,0.001,0,56,8,30,,,,125820,0.83218067,,
K7_R1_2,lock,insert,0.2867,0.005,0.2867,0.001,0,56,8,30,,,,125820,0.84346355,,
K7_R1_2,lock,insert,0.3133,0.005,0.3133,0.001,0,56,8,30,,,,125820,0.85410417,,
K7_R1_2,lock,insert,0.34,0.005,0.34,0.001,0,56,8,30,,,,125820,0.86412543,,
K7_R1_2,lock,insert,0.3767,0.005,0.3767,0.001,0,56,8,30,,,,125820,0.87767119,,
K7_R1_2,lock,insert,0.4133,0.005,0.4133,0.001,0,56,8,30,,,,125820,0.89077168,,
K7_R1_2,lock,insert,0.45,0.005,0.45,0.001,0,56,8,30,,,,125820,0.90348931,,
K7_R1_2,lock,insert,0.5167,0.005,0.5167,0.001,0,56,8,30,,,,125820,0.92355654,,
K7_R1_2,lock,insert,0.5833,0.005,0.5833,0.001,0,56,8,30,,,,125820,0.94080372,,
K7_R1_2,lock,insert,0.65,0.005,0.65,0.001,0,56,8,30,,,,125820,0.95693001,,
K7_R1_2,lock,insert,0.7667,0.005,0.7667,0.001,0,56,8,30,,,,125820,0.98097761,,
K7_R1_2,lock,insert,0.8833,0.005,0.8833,0.001,0,56,8,30,,,,125820,0.99947904,,
K7_R1_2,lock,insert,1,0.005,0.998,0.001,0,56,8,30,,,,125820,1,,
K7_R1_2,lock,delete,0,0.005,0.001,0.001,0,56,8,30,,,,116670,1,,
K7_R1_2,lock,delete,0.0133,0.005,0.001,0.0133,0,56,8,30,,,,116620,0.97365793,,
K7_R1_2,lock,delete,0.0267,0.005,0.001,0.0267,0,56,8,30,,,,116565,0.9466578,,
K7_R1_2,lock,delete,0.04,0.005,0.001,0.04,0,56,8,30,,,,116471,0.9247735,,
K7_R1_2,lock,delete,0.0533,0.005,0.001,0.0533,0,56,8,30,,,,116128,0.90530045,,
K7_R1_2,lock,delete,0.0667,0.005,0.001,0.0667,0,56,8,30,,,,116192,0.88846479,,
K7_R1_2,lock,delete,0.08,0.005,0.001,0.08,0,56,8,30,,,,115871,0.87730214,,
K7_R1_2,lock,delete,0.0967,0.005,0.001,0.0967,0,56,8,30,,,,115329,0.86872963,,
K7_R1_2,lock,delete,0.1133,0.005,0.001,0.1133,0,56,8,30,,,,114369,0.86336148,,
K7_R1_2,lock,delete,0.13,0.005,0.001,0.13,0,56,8,30,,,,113095,0.86203669,,
K7_R1_2,lock,delete,0.15,0.005,0.001,0.15,0,56,8,30,,,,111495,0.86607047,,
K7_R1_2,lock,delete,0.17,0.005,0.001,0.17,0,56,8,30,,,,109235,0.87288225,,
K7_R1_2,lock,delete,0.19,0.005,0.001,0.19,0,56,8,30,,,,107048,0.88176446,,
K7_R1_2,lock,delete,0.2267,0.005,0.001,0.2267,0,56,8,30,,,,102873,0.90020239,,
K7_R1_2,lock,delete,0.2633,0.005,0.001,0.2633,0,56,8,30,,,,98042,0.91868602,,
K7_R1_2,lock,delete,0.3,0.005,0.001,0.3,0,56,8,30,,,,93379,0.93658213,,
K7_R1_2,lock,delete,0.3667,0.005,0.001,0.3667,0,56,8,30,,,,84094,0.96606972,,
K7_R1_2,lock,delete,0.4333,0.005,0.001,0.4333,0,56,8,30,,,,74837,0.99377406,,
K7_R1_2,lock,delete,0.5,0.005,0.001,0.5,0,56,8,30,,,,116386,1,,
K7_R1_2,lock,delete,0.6,0.005,0.001,0.6,0,56,8,30,,,,92525,1,,
K7_R1_2,lock,delete,0.7,0.005,0.001,0.7,0,56,8,30,,,,68130,1,,
K7_R1_2,lock,delete,0.8,0.005,0.001,0.8,0,56,8,30,,,,44218,1,,
K7_R1_2,lock,delete,0.8333,0.005,0.001,0.8333,0,56,8,30,,,,36453,1,,
K7_R1_2,lock,delete,0.8667,0.005,0.001,0.8667,0,56,8,30,,,,28393,1,,
K7_R1_2,lock,delete,0.9,0.005,0.001,0.9,0,56,8,30,,,,20183,1,,
K7_R1_2,lock,delete,0.9167,0.005,0.001,0.9167,0,56,8,30,,,,16281,1,,
K7_R1_2,lock,delete,0.9333,0.005,0.001,0.9333,0,56,8,30,,,,12234,1,,
K7_R1_2,lock,delete,0.95,0.005,0.001,0.95,0,56,8,30,,,,8423,1,,
K7_R1_2,lock,delete,0.9667,0.005,0.001,0.9667,0,56,8,30,,,,4288,1,,
K7_R1_2,lock,delete,1,0.005,0.001,0.998,0,56,8,30,,,,0,0,,
K7_R1_2,lock,delete,0.9833,0.005,0.001,0.9833,0,56,8,30,,,,283,1,,
K7_R1_2,lock,erase,0,0.005,0,0,0.001,56,0,30,,,,116790,1,,
K7_R1_2,lock,erase,0.02,0.005,0,0,0.02,56,0,30,,,,116790,0.99119762,,
K7_R1_2,lock,erase,0.04,0.005,0,0,0.04,56,0,30,,,,116790,0.98938384,,
K7_R1_2,lock,erase,0.06,0.005,0,0,0.06,56,0,30,,,,116790,0.98771723,,
K7_R1_2,lock,erase,0.09,0.005,0,0,0.09,56,0,30,,,,116790,0.9869571,,
K7_R1_2,lock,erase,0.12,0.005,0,0,0.12,56,0,30,,,,116790,0.98684409,,
K7_R1_2,lock,erase,0.15,0.005,0,0,0.15,56,0,30,,,,116790,0.98674637,,
K7_R1_2,lock,erase,0.1933,0.005,0,0,0.1933,56,0,30,,,,116790,0.98775751,,
K7_R1_2,lock,erase,0.2367,0.005,0,0,0.2367,56,0,30,,,,116790,0.98998005,,
K7_R1_2,lock,erase,0.28,0.005,0,0,0.28,56,0,30,,,,116790,0.99124016,,
K7_R1_2,lock,erase,0.3367,0.005,0,0,0.3367,56,0,30,,,,116790,0.99428455,,
K7_R1_2,lock,erase,0.3933,0.005,0,0,0.3933,56,0,30,,,,116790,0.99712578,,
K7_R1_2,lock,erase,0.45,0.005,0,0,0.45,56,0,30,,,,116790,0.99969292,,
K7_R1_2,lock,erase,0.5167,0.005,0,0,0.5167,56,0,30,,,,116790,0.99999712,,
K7_R1_2,lock,erase,0.5833,0.005,0,0,0.5833,56,0,30,,,,116790,0.99558178,,
K7_R1_2,lock,erase,0.65,0.005,0,0,0.65,56,0,30,,,,116790,0.98379456,,
K7_R1_2,lock,erase,0.7167,0.005,0,0,0.7167,56,0,30,,,,116790,0.96576056,,
K7_R1_2,lock,erase,0.7833,0.005,0,0,0.7833,56,0,30,,,,116790,0.93696486,,
K7_R1_2,lock,erase,0.85,0.005,0,0,0.85,56,0,30,,,,116790,0.89358411,,
K7_R1_2,lock,erase,0.9,0.005,0,0,0.9,56,0,30,,,,116790,0.82192573,,
K7_R1_2,lock,erase,0.95,0.005,0,0,0.95,56,0,30,,,,116790,0.71219133,,
K7_R1_2,lock,erase,1,0.005,0,0,0.999,56,0,30,,,,116790,1,,
K7_R1_3,edit,flip,0,0.001,0,0,0,56,0,30,118320,0,0,,,,
K7_R1_3,edit,flip,0.0133,0.0133,0,0,0,56,0,30,118320,0,0,,,,
K7_R1_3,edit,flip,0.0267,0.0267,0,0,0,56,0,30,118320,0,0,,,,
K7_R1_3,edit,flip,0.04,0.04,0,0,0,56,0,30,118320,0,0,,,,
K7_R1_3,edit,flip,0.0467,0.0467,0,0,0,56,0,30,118320,0,0,,,,
K7_R1_3,edit,flip,0.0533,0.0533,0,0,0,56,0,30,118320,0,0,,,,
K7_R1_3,edit,flip,0.06,0.06,0,0,0,56,0,30,118320,2,1.6903313e-05,,,,
K7_R1_3,edit,flip,0.0667,0.0667,0,0,0,56,0,30,118320,11,9.2968222e-05,,,,
K7_R1_3,edit,flip,0.0733,0.0733,0,0,0,56,0,30,118320,12,0.00010141988,,,,
K7_R1_3,edit,flip,0.08,0.08,0,0,0,56,0,30,118320,25,0.00021129141,,,,
K7_R1_3,edit,flip,0.0867,0.0867,0,0,0,56,0,30,118320,33,0.00027890467,,,,
K7_R1_3,edit,flip,0.0933,0.0933,0,0,0,56,0,30,118320,85,0.0007183908,,,,
K7_R1_3,edit,flip,0.1,0.1,0,0,0,56,0,30,118320,206,0.0017410412,,,,
K7_R1_3,edit,flip,0.11,0.11,0,0,0,56,0,30,118320,477,0.0040314402,,,,
K7_R1_3,edit,flip,0.12,0.12,0,0,0,56,0,30,118320,906,0.0076572008,,,,
K7_R1_3,edit,flip,0.13,0.13,0,0,0,56,0,30,118320,1760,0.014874915,,,,
K7_R1_3,edit,flip,0.14,0.14,0,0,0,56,0,30,118320,2846,0.024053414,,,,
K7_R1_3,edit,flip,0.15,0.15,0,0,0,56,0,30,118320,4645,0.039257945,,,,
K7_R1_3,edit,flip,0.16,0.16,0,0,0,56,0,30,118320,7227,0.061080122,,,,
K7_R1_3,edit,flip,0.1733,0.1733,0,0,0,56,0,30,118320,11344,0.095875592,,,,
K7_R1_3,edit,flip,0.1867,0.1867,0,0,0,56,0,30,118320,16329,0.1380071,,,,
K7_R1_3,edit,flip,0.2,0.2,0,0,0,56,0,30,118320,20490,0.17317444,,,,
K7_R1_3,edit,flip,0.2167,0.2167,0,0,0,56,0,30,118320,25816,0.21818796,,,,
K7_R1_3,edit,flip,0.2333,0.2333,0,0,0,56,0,30,118320,28428,0.24026369,,,,
K7_R1_3,edit,flip,0.25,0.25,0,0,0,56,0,30,118320,31572,0.2668357,,,,
K7_R1_3,edit,flip,0.2733,0.2733,0,0,0,56,0,30,118320,33069,0.27948783,,,,
K7_R1_3,edit,flip,0.2967,0.2967,0,0,0,56,0,30,118320,33992,0.28728871,,,,
K7_R1_3,edit,flip,0.32,0.32,0,0,0,56,0,30,118320,34222,0.28923259,,,,
K7_R1_3,edit,insert,0,0.005,0.001,0.001,0,56,8,30,118320,0,0,,,,
K7_R1_3,edit,insert,0.0133,0.005,0.0133,0.001,0,56,8,30,118320,564,0.0047667343,,,,
K7_R1_3,edit,insert,0.0267,0.005,0.0267,0.001,0,56,8,30,118320,117,0.00098884381,,,,
K7_R1_3,edit,insert,0.04,0.005,0.04,0.001,0,56,8,30,118320,3295,0.027848208,,,,
K7_R1_3,edit,insert,0.0467,0.005,0.0467,0.001,0,56,8,30,118320,4563,0.038564909,,,,
K7_R1_3,edit,insert,0.0533,0.005,0.0533,0.001,0,56,8,30,118320,7358,0.062187289,,,,
K7_R1_3,edit,insert,0.06,0.005,0.06,0.001,0,56,8,30,118320,5117,0.043247126,,,,
K7_R1_3,edit,insert,0.0667,0.005,0.0667,0.001,0,56,8,30,118320,7432,0.062812711,,,,
K7_R1_3,edit,insert,0.0733,0.005,0.0733,0.001,0,56,8,30,118320,6547,0.055332995,,,,
K7_R1_3,edit,insert,0.08,0.005,0.08,0.001,0,56,8,30,118320,6628,0.056017579,,,,
K7_R1_3,edit,insert,0.09,0.005,0.09,0.001,0,56,8,30,118320,7681,0.064917174,,,,
K7_R1_3,edit,insert,0.1,0.005,0.1,0.001,0,56,8,30,118320,7864,0.066463827,,,,
K7_R1_3,edit,insert,0.11,0.005,0.11,0.001,0,56,8,30,118320,2703,0.022844828,,,,
K7_R1_3,edit,insert,0.12,0.005,0.12,0.001,0,56,8,30,118320,3411,0.0288286,,,,
K7_R1_3,edit,insert,0.13,0.005,0.13,0.001,0,56,8,30,118320,4005,0.033848884,,,,
K7_R1_3,edit,insert,0.14,0.005,0.14,0.001,0,56,8,30,118320,4228,0.035733604,,,,
K7_R1_3,edit,insert,0.1533,0.005,0.1533,0.001,0,56,8,30,118320,5047,0.04265551,,,,
K7_R1_3,edit,insert,0.1667,0.005,0.1667,0.001,0,56,8,30,118320,5749,0.048588573,,,,
K7_R1_3,edit,insert,0.18,0.005,0.18,0.001,0,56,8,30,118320,8061,0.068128803,,,,
K7_R1_3,edit,insert,0.1933,0.005,0.1933,0.001,0,56,8,30,118320,7356,0.062170385,,,,
K7_R1_3,edit,insert,0.2067,0.005,0.2067,0.001,0,56,8,30,118320,8949,0.075633874,,,,
K7_R1_3,edit,insert,0.22,0.005,0.22,0.001,0,56,8,30,118320,10745,0.090813049,,,,
K7_R1_3,edit,insert,0.2367,0.005,0.2367,0.001,0,56,8,30,118320,13460,0.1137593,,,,
K7_R1_3,edit,insert,0.2533,0.005,0.2533,0.001,0,56,8,30,118320,17668,0.14932387,,,,
K7_R1_3,edit,insert,0.27,0.005,0.27,0.001,0,56,8,30,118320,19777,0.16714841,,,,
K7_R1_3,edit,insert,0.2867,0.005,0.2867,0.001,0,56,8,30,118320,23939,0.20232421,,,,
K7_R1_3,edit,insert,0.3033,0.005,0.3033,0.001,0,56,8,30,118320,28311,0.23927485,,,,
K7_R1_3,edit,insert,0.32,0.005,0.32,0.001,0,56,8,30,118320,30968,0.2617309,,,,
K7_R1_3,edit,delete,0,0.005,0.001,0.001,0,56,8,30,118320,0,0,,,,
K7_R1_3,edit,delete,0.0067,0.005,0.001,0.0067,0,56,8,30,118320,118,0.00099729547,,,,
K7_R1_3,edit,delete,0.0133,0.005,0.001,0.0133,0,56,8,30,118320,270,0.0022819473,,,,
K7_R1_3,edit,delete,0.02,0.005,0.001,0.02,0,56,8,30,118320,648,0.0054766734,,,,
K7_R1_3,edit,delete,0.0267,0.005,0.001,0.0267,0,56,8,30,118320,2519,0.021289723,,,,
K7_R1_3,edit,delete,0.0333,0.005,0.001,0.0333,0,56,8,30,118320,62,0.0005240027,,,,
K7_R1_3,edit,delete,0.04,0.005,0.001,0.04,0,56,8,30,118320,76,0.0006423259,,,,
K7_R1_3,edit,delete,0.0467,0.005,0.001,0.0467,0,56,8,30,118320,1302,0.011004057,,,,
K7_R1_3,edit,delete,0.0533,0.005,0.001,0.0533,0,56,8,30,118320,715,0.0060429344,,,,
K7_R1_3,edit,delete,0.06,0.005,0.001,0.06,0,56,8,30,118320,1332,0.011257606,,,,
K7_R1_3,edit,delete,0.0667,0.005,0.001,0.0667,0,56,8,30,118320,5246,0.04433739,,,,
K7_R1_3,edit,delete,0.0733,0.005,0.001,0.0733,0,56,8,30,118320,8629,0.072929344,,,,
K7_R1_3,edit,delete,0.08,0.005,0.001,0.08,0,56,8,30,118320,7177,0.060657539,,,,
K7_R1_3,edit,delete,0.09,0.005,0.001,0.09,0,56,8,30,118320,8351,0.070579784,,,,
K7_R1_3,edit,delete,0.1,0.005,0.001,0.1,0,56,8,30,118320,11592,0.097971602,,,,
K7_R1_3,edit,delete,0.11,0.005,0.001,0.11,0,56,8,30,118320,21026,0.17770453,,,,
K7_R1_3,edit,delete,0.12,0.005,0.001,0.12,0,56,8,30,118320,22298,0.18845504,,,,
K7_R1_3,edit,delete,0.13,0.005,0.001,0.13,0,56,8,30,118320,25928,0.21913455,,,,
K7_R1_3,edit,delete,0.14,0.005,0.001,0.14,0,56,8,30,118320,26965,0.22789892,,,,
K7_R1_3,edit,delete,0.1533,0.005,0.001,0.1533,0,56,8,30,118320,13507,0.11415652,,,,
K7_R1_3,edit,delete,0.1667,0.005,0.001,0.1667,0,56,8,30,118320,17485,0.14777721,,,,
K7_R1_3,edit,delete,0.18,0.005,0.001,0.18,0,56,8,30,118320,20493,0.1731998,,,,
K7_R1_3,edit,delete,0.1967,0.005,0.001,0.1967,0,56,8,30,118320,23161,0.19574882,,,,
K7_R1_3,edit,delete,0.2133,0.005,0.001,0.2133,0,56,8,30,118320,21747,0.18379817,,,,
K7_R1_3,edit,delete,0.23,0.005,0.001,0.23,0,56,8,30,118320,24972,0.21105477,,,,
K7_R1_3,edit,delete,0.26,0.005,0.001,0.26,0,56,8,30,118320,31337,0.26484956,,,,
K7_R1_3,edit,delete,0.29,0.005,0.001,0.29,0,56,8,30,118320,33590,0.28389114,,,,
K7_R1_3,edit,erase,0,0.005,0,0,0.001,56,0,30,118320,0,0,,,,
K7_R1_3,edit,erase,0.1,0.005,0,0,0.1,56,0,30,118320,0,0,,,,
K7_R1_3,edit,erase,0.2,0.005,0,0,0.2,56,0,30,118320,0,0,,,,
K7_R1_3,edit,erase,0.3,0.005,0,0,0.3,56,0,30,118320,0,0,,,,
K7_R1_3,edit,erase,0.34,0.005,0,0,0.34,56,0,30,118320,0,0,,,,
K7_R1_3,edit,erase,0.38,0.005,0,0,0.38,56,0,30,118320,0,0,,,,
K7_R1_3,edit,erase,0.42,0.005,0,0,0.42,56,0,30,118320,0,0,,,,
K7_R1_3,edit,erase,0.4467,0.005,0,0,0.4467,56,0,30,118320,4,3.3806626e-05,,,,
K7_R1_3,edit,erase,0.4733,0.005,0,0,0.4733,56,0,30,118320,11,9.2968222e-05,,,,
K7_R1_3,edit,delete,0.32,0.005,0.001,0.32,0,56,8,30,118320,34430,0.29099053,,,,
K7_R1_3,edit,erase,0.5,0.005,0,0,0.5,56,0,30,118320,62,0.0005240027,,,,
K7_R1_3,edit,erase,0.5267,0.005,0,0,0.5267,56,0,30,118320,198,0.001673428,,,,
K7_R1_3,edit,erase,0.5533,0.005,0,0,0.5533,56,0,30,118320,487,0.0041159567,,,,
K7_R1_3,edit,erase,0.58,0.005,0,0,0.58,56,0,30,118320,1500,0.012677485,,,,
K7_R1_3,edit,erase,0.6033,0.005,0,0,0.6033,56,0,30,118320,2923,0.024704192,,,,
K7_R1_3,edit,erase,0.6267,0.005,0,0,0.6267,56,0,30,118320,5674,0.047954699,,,,
K7_R1_3,edit,erase,0.65,0.005,0,0,0.65,56,0,30,118320,10633,0.089866464,,,,
K7_R1_3,edit,erase,0.6733,0.005,0,0,0.6733,56,0,30,118320,17736,0.14989858,,,,
K7_R1_3,edit,erase,0.6967,0.005,0,0,0.6967,56,0,30,118320,24990,0.2112069,,,,
K7_R1_3,edit,erase,0.72,0.005,0,0,0.72,56,0,30,118320,30308,0.25615281,,,,
K7_R1_3,edit,erase,0.7433,0.005,0,0,0.7433,56,0,30,118320,34212,0.28914807,,,,
K7_R1_3,edit,erase,0.7667,0.005,0,0,0.7667,56,0,30,118320,36044,0.30463151,,,,
K7_R1_3,edit,erase,0.79,0.005,0,0,0.79,56,0,30,118320,37825,0.31968391,,,,
K7_R1_3,edit,erase,0.8133,0.005,0,0,0.8133,56,0,30,118320,39238,0.3316261,,,,
K7_R1_3,edit,erase,0.8367,0.005,0,0,0.8367,56,0,30,118320,41305,0.34909567,,,,
K7_R1_3,edit,erase,0.86,0.005,0,0,0.86,56,0,30,118320,43448,0.36720757,,,,
K7_R1_3,edit,erase,0.88,0.005,0,0,0.88,56,0,30,118320,45040,0.38066261,,,,
K7_R1_3,edit,erase,0.9,0.005,0,0,0.9,56,0,30,118320,46699,0.39468391,,,,
K7_R1_3,lock,flip,0,0.001,0,0,0,56,0,30,,,,116790,0.99993867,,
K7_R1_3,edit,erase,0.92,0.005,0,0,0.92,56,0,30,118320,49140,0.4153144,,,,
K7_R1_3,lock,flip,0.0133,0.0133,0,0,0,56,0,30,,,,116790,0.98567163,,
K7_R1_3,lock,flip,0.0267,0.0267,0,0,0,56,0,30,,,,116790,0.97873097,,
K7_R1_3,lock,flip,0.04,0.04,0,0,0,56,0,30,,,,116790,0.97203162,,
K7_R1_3,lock,flip,0.05,0.05,0,0,0,56,0,30,,,,116790,0.97100944,,
K7_R1_3,lock,flip,0.06,0.06,0,0,0,56,0,30,,,,116790,0.96804188,,
K7_R1_3,lock,flip,0.07,0.07,0,0,0,56,0,30,,,,116790,0.96352643,,
K7_R1_3,lock,flip,0.08,0.08,0,0,0,56,0,30,,,,116790,0.96087009,,
K7_R1_3,lock,flip,0.09,0.09,0,0,0,56,0,30,,,,116790,0.95529572,,
K7_R1_3,lock,flip,0.1,0.1,0,0,0,56,0,30,,,,116790,0.9545028,,
K7_R1_3,lock,flip,0.1133,0.1133,0,0,0,56,0,30,,,,116790,0.95117296,,
K7_R1_3,lock,flip,0.1267,0.1267,0,0,0,56,0,30,,,,116790,0.94881177,,
K7_R1_3,lock,flip,0.14,0.14,0,0,0,56,0,30,,,,116790,0.95151266,,
K7_R1_3,lock,flip,0.16,0.16,0,0,0,56,0,30,,,,116790,0.96090313,,
K7_R1_3,lock,flip,0.18,0.18,0,0,0,56,0,30,,,,116790,0.98619338,,
K7_R1_3,lock,flip,0.2,0.2,0,0,0,56,0,30,,,,116790,0.99953898,,
K7_R1_3,lock,flip,0.25,0.25,0,0,0,56,0,30,,,,116790,1,,
K7_R1_3,lock,flip,0.3,0.3,0,0,0,56,0,30,,,,116790,1,,
K7_R1_3,lock,flip,0.35,0.35,0,0,0,56,0,30,,,,116790,1,,
K7_R1_3,lock,flip,0.5667,0.5667,0,0,0,56,0,30,,,,116790,1,,
K7_R1_3,lock,flip,0.7833,0.7833,0,0,0,56,0,30,,,,116790,1,,
K7_R1_3,lock,flip,1,0.999,0,0,0,56,0,30,,,,116790,0.99993867,,
K7_R1_3,lock,insert,0,0.005,0.001,0.001,0,56,8,30,,,,116730,1,,
K7_R1_3,lock,insert,0.0133,0.005,0.0133,0.001,0,56,8,30,,,,116763,0.97327289,,
K7_R1_3,lock,insert,0.0267,0.005,0.0267,0.001,0,56,8,30,,,,116773,0.9458832,,
K7_R1_3,lock,insert,0.04,0.005,0.04,0.001,0,56,8,30,,,,116773,0.92245264,,
K7_R1_3,lock,insert,0.0533,0.005,0.0533,0.001,0,56,8,30,,,,116808,0.90096186,,
K7_R1_3,lock,insert,0.0667,0.005,0.0667,0.001,0,56,8,30,,,,116854,0.8827619,,
K7_R1_3,lock,insert,0.08,0.005,0.08,0.001,0,56,8,30,,,,116906,0.86624058,,
K7_R1_3,lock,insert,0.0967,0.005,0.0967,0.001,0,56,8,30,,,,117028,0.8472551,,
K7_R1_3,lock,insert,0.1133,0.005,0.1133,0.001,0,56,8,30,,,,117092,0.83130422,,
K7_R1_3,lock,insert,0.13,0.005,0.13,0.001,0,56,8,30,,,,117282,0.81635022,,
K7_R1_3,lock,insert,0.15,0.005,0.15,0.001,0,56,8,30,,,,117651,0.80331105,,
K7_R1_3,lock,insert,0.17,0.005,0.17,0.001,0,56,8,30,,,,118428,0.78802031,,
K7_R1_3,lock,insert,0.19,0.005,0.19,0.001,0,56,8,30,,,,118839,0.77758629,,
K7_R1_3,lock,insert,0.2133,0.005,0.2133,0.001,0,56,8,30,,,,120262,0.76721737,,
K7_R1_3,lock,insert,0.2367,0.005,0.2367,0.001,0,56,8,30,,,,121737,0.76054859,,
K7_R1_3,lock,insert,0.26,0.005,0.26,0.001,0,56,8,30,,,,124020,0.75426565,,
K7_R1_3,lock,insert,0.2867,0.005,0.2867,0.001,0,56,8,30,,,,124787,0.76040667,,
K7_R1_3,lock,insert,0.3133,0.005,0.3133,0.001,0,56,8,30,,,,125820,0.76327546,,
K7_R1_3,lock,insert,0.34,0.005,0.34,0.001,0,56,8,30,,,,125820,0.76975149,,
K7_R1_3,lock,insert,0.3767,0.005,0.3767,0.001,0,56,8,30,,,,125820,0.7871783,,
K7_R1_3,lock,insert,0.4133,0.005,0.4133,0.001,0,56,8,30,,,,125820,0.80163776,,
K7_R1_3,lock,insert,0.45,0.005,0.45,0.001,0,56,8,30,,,,125820,0.81954969,,
K7_R1_3,lock,insert,0.5167,0.005,0.5167,0.001,0,56,8,30,,,,125820,0.84933062,,
K7_R1_3,lock,insert,0.5833,0.005,0.5833,0.001,0,56,8,30,,,,125820,0.87468157,,
K7_R1_3,lock,insert,0.65,0.005,0.65,0.001,0,56,8,30,,,,125820,0.89789649,,
K7_R1_3,lock,insert,0.7667,0.005,0.7667,0.001,0,56,8,30,,,,125820,0.93077691,,
K7_R1_3,lock,insert,0.8833,0.005,0.8833,0.001,0,56,8,30,,,,125820,0.96128209,,
K7_R1_3,lock,insert,1,0.005,0.998,0.001,0,56,8,30,,,,125820,1,,
K7_R1_3,lock,delete,0,0.005,0.001,0.001,0,56,8,30,,,,116730,1,,
K7_R1_3,lock,delete,0.0133,0.005,0.001,0.0133,0,56,8,30,,,,116685,0.97431435,,
K7_R1_3,lock,delete,0.0267,0.005,0.001,0.0267,0,56,8,30,,,,116671,0.94649619,,
K7_R1_3,lock,delete,0.04,0.005,0.001,0.04,0,56,8,30,,,,116664,0.92189127,,
K7_R1_3,lock,delete,0.0533,0.005,0.001,0.0533,0,56,8,30,,,,116630,0.90229238,,
K7_R1_3,lock,delete,0.0667,0.005,0.001,0.0667,0,56,8,30,,,,116587,0.88699733,,
K7_R1_3,lock,delete,0.08,0.005,0.001,0.08,0,56,8,30,,,,116481,0.87218427,,
K7_R1_3,lock,delete,0.0967,0.005,0.001,0.0967,0,56,8,30,,,,116293,0.85679445,,
K7_R1_3,lock,delete,0.1133,0.005,0.001,0.1133,0,56,8,30,,,,115878,0.84413235,,
K7_R1_3,lock,delete,0.13,0.005,0.001,0.13,0,56,8,30,,,,115269,0.83514161,,
K7_R1_3,lock,delete,0.15,0.005,0.001,0.15,0,56,8,30,,,,115456,0.83097934,,
K7_R1_3,lock,delete,0.17,0.005,0.001,0.17,0,56,8,30,,,,114309,0.82749312,,
K7_R1_3,lock,delete,0.19,0.005,0.001,0.19,0,56,8,30,,,,113010,0.83197044,,
K7_R1_3,lock,delete,0.2267,0.005,0.001,0.2267,0,56,8,30,,,,109819,0.84798185,,
K7_R1_3,lock,delete,0.2633,0.005,0.001,0.2633,0,56,8,30,,,,105342,0.87062035,,
K7_R1_3,lock,delete,0.3,0.005,0.001,0.3,0,56,8,30,,,,101006,0.89527159,,
K7_R1_3,lock,delete,0.3667,0.005,0.001,0.3667,0,56,8,30,,,,90917,0.93932695,,
K7_R1_3,lock,delete,0.4333,0.005,0.001,0.4333,0,56,8,30,,,,81467,0.98083364,,
K7_R1_3,lock,delete,0.5,0.005,0.001,0.5,0,56,8,30,,,,86390,1,,
K7_R1_3,lock,delete,0.6,0.005,0.001,0.6,0,56,8,30,,,,68541,1,,
K7_R1_3,lock,delete,0.7,0.005,0.001,0.7,0,56,8,30,,,,50623,1,,
K7_R1_3,lock,delete,0.8,0.005,0.001,0.8,0,56,8,30,,,,32717,1,,
K7_R1_3,lock,delete,0.8333,0.005,0.001,0.8333,0,56,8,30,,,,26570,1,,
K7_R1_3,lock,delete,0.8667,0.005,0.001,0.8667,0,56,8,30,,,,20694,1,,
K7_R1_3,lock,delete,0.9,0.005,0.001,0.9,0,56,8,30,,,,14521,1,,
K7_R1_3,lock,delete,0.9167,0.005,0.001,0.9167,0,56,8,30,,,,11399,1,,
K7_R1_3,lock,delete,0.9333,0.005,0.001,0.9333,0,56,8,30,,,,8588,1,,
K7_R1_3,lock,delete,0.95,0.005,0.001,0.95,0,56,8,30,,,,5349,1,,
K7_R1_3,lock,delete,0.9667,0.005,0.001,0.9667,0,56,8,30,,,,2403,1,,
K7_R1_3,lock,delete,1,0.005,0.001,0.998,0,56,8,30,,,,0,0,,
K7_R1_3,lock,delete,0.9833,0.005,0.001,0.9833,0,56,8,30,,,,0,0,,
K7_R1_3,lock,erase,0,0.005,0,0,0.001,56,0,30,,,,116790,1,,
K7_R1_3,lock,erase,0.02,0.005,0,0,0.02,56,0,30,,,,116790,0.99422437,,
K7_R1_3,lock,erase,0.04,0.005,0,0,0.04,56,0,30,,,,116790,0.99225592,,
K7_R1_3,lock,erase,0.06,0.005,0,0,0.06,56,0,30,,,,116790,0.99159092,,
K7_R1_3,lock,erase,0.09,0.005,0,0,0.09,56,0,30,,,,116790,0.99096021,,
K7_R1_3,lock,erase,0.12,0.005,0,0,0.12,56,0,30,,,,116790,0.99063317,,
K7_R1_3,lock,erase,0.15,0.005,0,0,0.15,56,0,30,,,,116790,0.9907308,,
K7_R1_3,lock,erase,0.1933,0.005,0,0,0.1933,56,0,30,,,,116790,0.99121063,,
K7_R1_3,lock,erase,0.2367,0.005,0,0,0.2367,56,0,30,,,,116790,0.99186782,,
K7_R1_3,lock,erase,0.28,0.005,0,0,0.28,56,0,30,,,,116790,0.99430904,,
K7_R1_3,lock,erase,0.3367,0.005,0,0,0.3367,56,0,30,,,,116790,0.99604328,,
K7_R1_3,lock,erase,0.3933,0.005,0,0,0.3933,56,0,30,,,,116790,0.99831049,,
K7_R1_3,lock,erase,0.45,0.005,0,0,0.45,56,0,30,,,,116790,0.99986059,,
K7_R1_3,lock,erase,0.5167,0.005,0,0,0.5167,56,0,30,,,,116790,0.99999921,,
K7_R1_3,lock,erase,0.5833,0.005,0,0,0.5833,56,0,30,,,,116790,0.99747557,,
K7_R1_3,lock,erase,0.65,0.005,0,0,0.65,56,0,30,,,,116790,0.98851893,,
K7_R1_3,lock,erase,0.7167,0.005,0,0,0.7167,56,0,30,,,,116790,0.97437207,,
K7_R1_3,lock,erase,0.7833,0.005,0,0,0.7833,56,0,30,,,,116790,0.95257246,,
K7_R1_3,lock,erase,0.85,0.005,0,0,0.85,56,0,30,,,,116790,0.90435836,,
K7_R1_3,lock,erase,0.9,0.005,0,0,0.9,56,0,30,,,,116790,0.85201709,,
K7_R1_3,lock,erase,0.95,0.005,0,0,0.95,56,0,30,,,,116790,0.73672365,,
K7_R1_3,lock,erase,1,0.005,0,0,0.999,56,0,30,,,,116790,1,,
K5_R1_5,edit,flip,0,0.001,0,0,0,40,0,30,118800,0,0,,,,
K5_R1_5,edit,flip,0.0133,0.0133,0,0,0,40,0,30,118800,0,0,,,,
K5_R1_5,edit,flip,0.0267,0.0267,0,0,0,40,0,30,118800,0,0,,,,
K5_R1_5,edit,flip,0.04,0.04,0,0,0,40,0,30,118800,0,0,,,,
K5_R1_5,edit,flip,0.0467,0.0467,0,0,0,40,0,30,118800,0,0,,,,
K5_R1_5,edit,flip,0.0533,0.0533,0,0,0,40,0,30,118800,0,0,,,,
K5_R1_5,edit,flip,0.06,0.06,0,0,0,40,0,30,118800,0,0,,,,
K5_R1_5,edit,flip,0.0667,0.0667,0,0,0,40,0,30,118800,0,0,,,,
K5_R1_5,edit,flip,0.0733,0.0733,0,0,0,40,0,30,118800,0,0,,,,
K5_R1_5,edit,flip,0.08,0.08,0,0,0,40,0,30,118800,2,1.6835017e-05,,,,
K5_R1_5,edit,flip,0.0867,0.0867,0,0,0,40,0,30,118800,2,1.6835017e-05,,,,
K5_R1_5,edit,flip,0.0933,0.0933,0,0,0,40,0,30,118800,0,0,,,,
K5_R1_5,edit,flip,0.1,0.1,0,0,0,40,0,30,118800,6,5.0505051e-05,,,,
K5_R1_5,edit,flip,0.11,0.11,0,0,0,40,0,30,118800,27,0.00022727273,,,,
K5_R1_5,edit,flip,0.12,0.12,0,0,0,40,0,30,118800,28,0.00023569024,,,,
K5_R1_5,edit,flip,0.13,0.13,0,0,0,40,0,30,118800,49,0.00041245791,,,,
K5_R1_5,edit,flip,0.14,0.14,0,0,0,40,0,30,118800,82,0.00069023569,,,,
K5_R1_5,edit,flip,0.15,0.15,0,0,0,40,0,30,118800,199,0.0016750842,,,,
K5_R1_5,edit,flip,0.16,0.16,0,0,0,40,0,30,118800,364,0.0030639731,,,,
K5_R1_5,edit,flip,0.1733,0.1733,0,0,0,40,0,30,118800,843,0.0070959596,,,,
K5_R1_5,edit,flip,0.1867,0.1867,0,0,0,40,0,30,118800,1576,0.013265993,,,,
K5_R1_5,edit,flip,0.2,0.2,0,0,0,40,0,30,118800,2586,0.021767677,,,,
K5_R1_5,edit,flip,0.2167,0.2167,0,0,0,40,0,30,118800,5130,0.043181818,,,,
K5_R1_5,edit,flip,0.2333,0.2333,0,0,0,40,0,30,118800,9055,0.076220539,,,,
K5_R1_5,edit,flip,0.25,0.25,0,0,0,40,0,30,118800,13912,0.11710438,,,,
K5_R1_5,edit,flip,0.2733,0.2733,0,0,0,40,0,30,118800,20492,0.17249158,,,,
K5_R1_5,edit,flip,0.2967,0.2967,0,0,0,40,0,30,118800,26297,0.22135522,,,,
K5_R1_5,edit,flip,0.32,0.32,0,0,0,40,0,30,118800,30703,0.25844276,,,,
K5_R1_5,edit,insert,0,0.005,0.001,0.001,0,40,8,30,118800,0,0,,,,
K5_R1_5,edit,insert,0.0133,0.005,0.0133,0.001,0,40,8,30,118800,0,0,,,,
K5_R1_5,edit,insert,0.0267,0.005,0.0267,0.001,0,40,8,30,118800,66,0.00055555556,,,,
K5_R1_5,edit,insert,0.04,0.005,0.04,0.001,0,40,8,30,118800,251,0.0021127946,,,,
K5_R1_5,edit,insert,0.0467,0.005,0.0467,0.001,0,40,8,30,118800,1200,0.01010101,,,,
K5_R1_5,edit,insert,0.0533,0.005,0.0533,0.001,0,40,8,30,118800,1126,0.0094781145,,,,
K5_R1_5,edit,insert,0.06,0.005,0.06,0.001,0,40,8,30,118800,1186,0.009983165,,,,
K5_R1_5,edit,insert,0.0667,0.005,0.0667,0.001,0,40,8,30,118800,711,0.0059848485,,,,
K5_R1_5,edit,insert,0.0733,0.005,0.0733,0.001,0,40,8,30,118800,603,0.0050757576,,,,
K5_R1_5,edit,insert,0.08,0.005,0.08,0.001,0,40,8,30,118800,855,0.0071969697,,,,
K5_R1_5,edit,insert,0.09,0.005,0.09,0.001,0,40,8,30,118800,1153,0.0097053872,,,,
K5_R1_5,edit,insert,0.1,0.005,0.1,0.001,0,40,8,30,118800,1116,0.0093939394,,,,
K5_R1_5,edit,insert,0.11,0.005,0.11,0.001,0,40,8,30,118800,875,0.0073653199,,,,
K5_R1_5,edit,insert,0.12,0.005,0.12,0.001,0,40,8,30,118800,966,0.0081313131,,,,
K5_R1_5,edit,insert,0.13,0.005,0.13,0.001,0,40,8,30,118800,1215,0.010227273,,,,
K5_R1_5,edit,insert,0.14,0.005,0.14,0.001,0,40,8,30,118800,1042,0.0087710438,,,,
K5_R1_5,edit,insert,0.1533,0.005,0.1533,0.001,0,40,8,30,118800,1554,0.013080808,,,,
K5_R1_5,edit,insert,0.1667,0.005,0.1667,0.001,0,40,8,30,118800,2321,0.019537037,,,,
K5_R1_5,edit,insert,0.18,0.005,0.18,0.001,0,40,8,30,118800,3039,0.025580808,,,,
K5_R1_5,edit,insert,0.1933,0.005,0.1933,0.001,0,40,8,30,118800,3815,0.032112795,,,,
K5_R1_5,edit,insert,0.2067,0.005,0.2067,0.001,0,40,8,30,118800,5143,0.043291246,,,,
K5_R1_5,edit,insert,0.22,0.005,0.22,0.001,0,40,8,30,118800,6832,0.057508418,,,,
K5_R1_5,edit,insert,0.2367,0.005,0.2367,0.001,0,40,8,30,118800,9030,0.076010101,,,,
K5_R1_5,edit,insert,0.2533,0.005,0.2533,0.001,0,40,8,30,118800,12104,0.10188552,,,,
K5_R1_5,edit,insert,0.27,0.005,0.27,0.001,0,40,8,30,118800,14175,0.11931818,,,,
K5_R1_5,edit,insert,0.2867,0.005,0.2867,0.001,0,40,8,30,118800,17602,0.14816498,,,,
K5_R1_5,edit,insert,0.3033,0.005,0.3033,0.001,0,40,8,30,118800,21079,0.17743266,,,,
K5_R1_5,edit,insert,0.32,0.005,0.32,0.001,0,40,8,30,118800,23608,0.19872054,,,,
K5_R1_5,edit,delete,0,0.005,0.001,0.001,0,40,8,30,118800,0,0,,,,
K5_R1_5,edit,delete,0.0067,0.005,0.001,0.0067,0,40,8,30,118800,30,0.00025252525,,,,
K5_R1_5,edit,delete,0.0133,0.005,0.001,0.0133,0,40,8,30,118800,30,0.00025252525,,,,
K5_R1_5,edit,delete,0.02,0.005,0.001,0.02,0,40,8,30,118800,139,0.0011700337,,,,
K5_R1_5,edit,delete,0.0267,0.005,0.001,0.0267,0,40,8,30,118800,117,0.00098484848,,,,
K5_R1_5,edit,delete,0.0333,0.005,0.001,0.0333,0,40,8,30,118800,291,0.0024494949,,,,
K5_R1_5,edit,delete,0.04,0.005,0.001,0.04,0,40,8,30,118800,529,0.004452862,,,,
K5_R1_5,edit,delete,0.0467,0.005,0.001,0.0467,0,40,8,30,118800,50,0.00042087542,,,,
K5_R1_5,edit,delete,0.0533,0.005,0.001,0.0533,0,40,8,30,118800,96,0.00080808081,,,,
K5_R1_5,edit,delete,0.06,0.005,0.001,0.06,0,40,8,30,118800,73,0.00061447811,,,,
K5_R1_5,edit,delete,0.0667,0.005,0.001,0.0667,0,40,8,30,118800,278,0.0023400673,,,,
K5_R1_5,edit,delete,0.0733,0.005,0.001,0.0733,0,40,8,30,118800,301,0.00253367,,,,
K5_R1_5,edit,delete,0.08,0.005,0.001,0.08,0,40,8,30,118800,837,0.0070454545,,,,
K5_R1_5,edit,delete,0.09,0.005,0.001,0.09,0,40,8,30,118800,530,0.0044612795,,,,
K5_R1_5,edit,delete,0.1,0.005,0.001,0.1,0,40,8,30,118800,804,0.0067676768,,,,
K5_R1_5,edit,delete,0.11,0.005,0.001,0.11,0,40,8,30,118800,641,0.0053956229,,,,
K5_R1_5,edit,delete,0.12,0.005,0.001,0.12,0,40,8,30,118800,909,0.0076515152,,,,
K5_R1_5,edit,delete,0.13,0.005,0.001,0.13,0,40,8,30,118800,1180,0.0099326599,,,,
K5_R1_5,edit,delete,0.14,0.005,0.001,0.14,0,40,8,30,118800,1663,0.013998316,,,,
K5_R1_5,edit,delete,0.1533,0.005,0.001,0.1533,0,40,8,30,118800,1814,0.01526936,,,,
K5_R1_5,edit,delete,0.1667,0.005,0.001,0.1667,0,40,8,30,118800,3007,0.025311448,,,,
K5_R1_5,edit,delete,0.18,0.005,0.001,0.18,0,40,8,30,118800,4615,0.038846801,,,,
K5_R1_5,edit,delete,0.1967,0.005,0.001,0.1967,0,40,8,30,118800,7043,0.059284512,,,,
K5_R1_5,edit,delete,0.2133,0.005,0.001,0.2133,0,40,8,30,118800,9689,0.081557239,,,,
K5_R1_5,edit,delete,0.23,0.005,0.001,0.23,0,40,8,30,118800,12807,0.10780303,,,,
K5_R1_5,edit,delete,0.26,0.005,0.001,0.26,0,40,8,30,118800,18860,0.15875421,,,,
K5_R1_5,edit,delete,0.29,0.005,0.001,0.29,0,40,8,30,118800,24817,0.20889731,,,,
K5_R1_5,edit,erase,0,0.005,0,0,0.001,40,0,30,118800,0,0,,,,
K5_R1_5,edit,erase,0.1,0.005,0,0,0.1,40,0,30,118800,0,0,,,,
K5_R1_5,edit,erase,0.2,0.005,0,0,0.2,40,0,30,118800,0,0,,,,
K5_R1_5,edit,erase,0.3,0.005,0,0,0.3,40,0,30,118800,0,0,,,,
K5_R1_5,edit,erase,0.34,0.005,0,0,0.34,40,0,30,118800,0,0,,,,
K5_R1_5,edit,erase,0.38,0.005,0,0,0.38,40,0,30,118800,0,0,,,,
K5_R1_5,edit,erase,0.42,0.005,0,0,0.42,40,0,30,118800,0,0,,,,
K5_R1_5,edit,erase,0.4467,0.005,0,0,0.4467,40,0,30,118800,0,0,,,,
K5_R1_5,edit,erase,0.4733,0.005,0,0,0.4733,40,0,30,118800,0,0,,,,
K5_R1_5,edit,erase,0.5,0.005,0,0,0.5,40,0,30,118800,3,2.5252525e-05,,,,
K5_R1_5,edit,erase,0.5267,0.005,0,0,0.5267,40,0,30,118800,0,0,,,,
K5_R1_5,edit,erase,0.5533,0.005,0,0,0.5533,40,0,30,118800,3,2.5252525e-05,,,,
K5_R1_5,edit,delete,0.32,0.005,0.001,0.32,0,40,8,30,118800,29805,0.25088384,,,,
K5_R1_5,edit,erase,0.58,0.005,0,0,0.58,40,0,30,118800,7,5.8922559e-05,,,,
K5_R1_5,edit,erase,0.6033,0.005,0,0,0.6033,40,0,30,118800,24,0.0002020202,,,,
K5_R1_5,edit,erase,0.6267,0.005,0,0,0.6267,40,0,30,118800,72,0.00060606061,,,,
K5_R1_5,edit,erase,0.65,0.005,0,0,0.65,40,0,30,118800,125,0.0010521886,,,,
K5_R1_5,edit,erase,0.6733,0.005,0,0,0.6733,40,0,30,118800,357,0.0030050505,,,,
K5_R1_5,edit,erase,0.6967,0.005,0,0,0.6967,40,0,30,118800,745,0.0062710438,,,,
K5_R1_5,edit,erase,0.72,0.005,0,0,0.72,40,0,30,118800,1539,0.012954545,,,,
K5_R1_5,edit,erase,0.7433,0.005,0,0,0.7433,40,0,30,118800,3732,0.031414141,,,,
K5_R1_5,edit,erase,0.7667,0.005,0,0,0.7667,40,0,30,118800,7231,0.060867003,,,,
K5_R1_5,edit,erase,0.79,0.005,0,0,0.79,40,0,30,118800,13146,0.11065657,,,,
K5_R1_5,edit,erase,0.8133,0.005,0,0,0.8133,40,0,30,118800,20181,0.16987374,,,,
K5_R1_5,edit,erase,0.8367,0.005,0,0,0.8367,40,0,30,118800,28054,0.23614478,,,,
K5_R1_5,edit,erase,0.86,0.005,0,0,0.86,40,0,30,118800,34330,0.28897306,,,,
K5_R1_5,edit,erase,0.88,0.005,0,0,0.88,40,0,30,118800,37435,0.31510943,,,,
K5_R1_5,edit,erase,0.9,0.005,0,0,0.9,40,0,30,118800,40855,0.34389731,,,,
K5_R1_5,lock,flip,0,0.001,0,0,0,40,0,30,,,,117690,0.99995603,,
K5_R1_5,lock,flip,0.0133,0.0133,0,0,0,40,0,30,,,,117690,0.98713815,,
K5_R1_5,edit,erase,0.92,0.005,0,0,0.92,40,0,30,118800,43864,0.36922559,,,,
K5_R1_5,lock,flip,0.0267,0.0267,0,0,0,40,0,30,,,,117690,0.98056429,,
K5_R1_5,lock,flip,0.04,0.04,0,0,0,40,0,30,,,,117690,0.97648721,,
K5_R1_5,lock,flip,0.05,0.05,0,0,0,40,0,30,,,,117690,0.97274275,,
K5_R1_5,lock,flip,0.06,0.06,0,0,0,40,0,30,,,,117690,0.97002758,,
K5_R1_5,lock,flip,0.07,0.07,0,0,0,40,0,30,,,,117690,0.96761055,,
K5_R1_5,lock,flip,0.08,0.08,0,0,0,40,0,30,,,,117690,0.96316232,,
K5_R1_5,lock,flip,0.09,0.09,0,0,0,40,0,30,,,,117690,0.9593596,,
K5_R1_5,lock,flip,0.1,0.1,0,0,0,40,0,30,,,,117690,0.95851175,,
K5_R1_5,lock,flip,0.1133,0.1133,0,0,0,40,0,30,,,,117690,0.9524102,,
K5_R1_5,lock,flip,0.1267,0.1267,0,0,0,40,0,30,,,,117690,0.95065857,,
K5_R1_5,lock,flip,0.14,0.14,0,0,0,40,0,30,,,,117690,0.94593134,,
K5_R1_5,lock,flip,0.16,0.16,0,0,0,40,0,30,,,,117690,0.94091993,,
K5_R1_5,lock,flip,0.18,0.18,0,0,0,40,0,30,,,,117690,0.93502887,,
K5_R1_5,lock,flip,0.2,0.2,0,0,0,40,0,30,,,,117690,0.93454418,,
K5_R1_5,lock,flip,0.25,0.25,0,0,0,40,0,30,,,,117690,0.97792952,,
K5_R1_5,lock,flip,0.3,0.3,0,0,0,40,0,30,,,,117690,1,,
K5_R1_5,lock,flip,0.35,0.35,0,0,0,40,0,30,,,,117690,1,,
K5_R1_5,lock,flip,0.5667,0.5667,0,0,0,40,0,30,,,,117690,1,,
K5_R1_5,lock,flip,0.7833,0.7833,0,0,0,40,0,30,,,,117690,0.94234299,,
K5_R1_5,lock,flip,1,0.999,0,0,0,40,0,30,,,,117690,0.99995603,,
K5_R1_5,lock,insert,0,0.005,0.001,0.001,0,40,8,30,,,,117660,1,,
K5_R1_5,lock,insert,0.0133,0.005,0.0133,0.001,0,40,8,30,,,,117669,0.97429021,,
K5_R1_5,lock,insert,0.0267,0.005,0.0267,0.001,0,40,8,30,,,,117672,0.94626302,,
K5_R1_5,lock,insert,0.04,0.005,0.04,0.001,0,40,8,30,,,,117679,0.92137862,,
K5_R1_5,lock,insert,0.0533,0.005,0.0533,0.001,0,40,8,30,,,,117703,0.900134,,
K5_R1_5,lock,insert,0.0667,0.005,0.0667,0.001,0,40,8,30,,,,117730,0.88212249,,
K5_R1_5,lock,insert,0.08,0.005,0.08,0.001,0,40,8,30,,,,117778,0.86610336,,
K5_R1_5,lock,insert,0.0967,0.005,0.0967,0.001,0,40,8,30,,,,117859,0.84776287,,
K5_R1_5,lock,insert,0.1133,0.005,0.1133,0.001,0,40,8,30,,,,117998,0.83010249,,
K5_R1_5,lock,insert,0.13,0.005,0.13,0.001,0,40,8,30,,,,118195,0.81655624,,
K5_R1_5,lock,insert,0.15,0.005,0.15,0.001,0,40,8,30,,,,118682,0.79678232,,
K5_R1_5,lock,insert,0.17,0.005,0.17,0.001,0,40,8,30,,,,119561,0.77828394,,
K5_R1_5,lock,insert,0.19,0.005,0.19,0.001,0,40,8,30,,,,120399,0.76194586,,
K5_R1_5,lock,insert,0.2133,0.005,0.2133,0.001,0,40,8,30,,,,122078,0.73973371,,
K5_R1_5,lock,insert,0.2367,0.005,0.2367,0.001,0,40,8,30,,,,124224,0.71615358,,
K5_R1_5,lock,insert,0.26,0.005,0.26,0.001,0,40,8,30,,,,126285,0.69721926,,
K5_R1_5,lock,insert,0.2867,0.005,0.2867,0.001,0,40,8,30,,,,126360,0.68553037,,
K5_R1_5,lock,insert,0.3133,0.005,0.3133,0.001,0,40,8,30,,,,126360,0.67307653,,
K5_R1_5,lock,insert,0.34,0.005,0.34,0.001,0,40,8,30,,,,126360,0.66490293,,
K5_R1_5,lock,insert,0.3767,0.005,0.3767,0.001,0,40,8,30,,,,126360,0.66269899,,
K5_R1_5,lock,insert,0.4133,0.005,0.4133,0.001,0,40,8,30,,,,126360,0.66323356,,
K5_R1_5,lock,insert,0.45,0.005,0.45,0.001,0,40,8,30,,,,126360,0.66918442,,
K5_R1_5,lock,insert,0.5167,0.005,0.5167,0.001,0,40,8,30,,,,126360,0.68457955,,
K5_R1_5,lock,insert,0.5833,0.005,0.5833,0.001,0,40,8,30,,,,126360,0.70223278,,
K5_R1_5,lock,insert,0.65,0.005,0.65,0.001,0,40,8,30,,,,126360,0.72027487,,
K5_R1_5,lock,insert,0.7667,0.005,0.7667,0.001,0,40,8,30,,,,126360,0.74886972,,
K5_R1_5,lock,insert,0.8833,0.005,0.8833,0.001,0,40,8,30,,,,126360,0.78942141,,
K5_R1_5,lock,insert,1,0.005,0.998,0.001,0,40,8,30,,,,126360,1,,
K5_R1_5,lock,delete,0,0.005,0.001,0.001,0,40,8,30,,,,117660,1,,
K5_R1_5,lock,delete,0.0133,0.005,0.001,0.0133,0,40,8,30,,,,117630,0.97473887,,
K5_R1_5,lock,delete,0.0267,0.005,0.001,0.0267,0,40,8,30,,,,117623,0.94700923,,
K5_R1_5,lock,delete,0.04,0.005,0.001,0.04,0,40,8,30,,,,117609,0.92244494,,
K5_R1_5,lock,delete,0.0533,0.005,0.001,0.0533,0,40,8,30,,,,117597,0.90136531,,
K5_R1_5,lock,delete,0.0667,0.005,0.001,0.0667,0,40,8,30,,,,117565,0.88585855,,
K5_R1_5,lock,delete,0.08,0.005,0.001,0.08,0,40,8,30,,,,117478,0.871251,,
K5_R1_5,lock,delete,0.0967,0.005,0.001,0.0967,0,40,8,30,,,,117332,0.85713949,,
K5_R1_5,lock,delete,0.1133,0.005,0.001,0.1133,0,40,8,30,,,,117280,0.84350815,,
K5_R1_5,lock,delete,0.13,0.005,0.001,0.13,0,40,8,30,,,,116956,0.83309893,,
K5_R1_5,lock,delete,0.15,0.005,0.001,0.15,0,40,8,30,,,,116302,0.82349513,,
K5_R1_5,lock,delete,0.17,0.005,0.001,0.17,0,40,8,30,,,,115713,0.81717507,,
K5_R1_5,lock,delete,0.19,0.005,0.001,0.19,0,40,8,30,,,,114338,0.81125045,,
K5_R1_5,lock,delete,0.2267,0.005,0.001,0.2267,0,40,8,30,,,,110935,0.80717907,,
K5_R1_5,lock,delete,0.2633,0.005,0.001,0.2633,0,40,8,30,,,,107071,0.81337328,,
K5_R1_5,lock,delete,0.3,0.005,0.001,0.3,0,40,8,30,,,,101933,0.82327338,,
K5_R1_5,lock,delete,0.3667,0.005,0.001,0.3667,0,40,8,30,,,,92180,0.8557727,,
K5_R1_5,lock,delete,0.4333,0.005,0.001,0.4333,0,40,8,30,,,,82425,0.89361759,,
K5_R1_5,lock,delete,0.5,0.005,0.001,0.5,0,40,8,30,,,,72570,0.93464147,,
K5_R1_5,lock,delete,0.6,0.005,0.001,0.6,0,40,8,30,,,,57447,0.99084008,,
K5_R1_5,lock,delete,0.7,0.005,0.001,0.7,0,40,8,30,,,,42578,0.99999986,,
K5_R1_5,lock,delete,0.8,0.005,0.001,0.8,0,40,8,30,,,,27534,1,,
K5_R1_5,lock,delete,0.8333,0.005,0.001,0.8333,0,40,8,30,,,,22515,1,,
K5_R1_5,lock,delete,0.8667,0.005,0.001,0.8667,0,40,8,30,,,,17488,1,,
K5_R1_5,lock,delete,0.9,0.005,0.001,0.9,0,40,8,30,,,,12501,1,,
K5_R1_5,lock,delete,0.9167,0.005,0.001,0.9167,0,40,8,30,,,,9970,1,,
K5_R1_5,lock,delete,0.9333,0.005,0.001,0.9333,0,40,8,30,,,,7461,1,,
K5_R1_5,lock,delete,0.95,0.005,0.001,0.95,0,40,8,30,,,,5038,1,,
K5_R1_5,lock,delete,0.9667,0.005,0.001,0.9667,0,40,8,30,,,,2567,1,,
K5_R1_5,lock,delete,1,0.005,0.001,0.998,0,40,8,30,,,,0,0,,
K5_R1_5,lock,delete,0.9833,0.005,0.001,0.9833,0,40,8,30,,,,68,1,,
K5_R1_5,lock,erase,0,0.005,0,0,0.001,40,0,30,,,,117690,1,,
K5_R1_5,lock,erase,0.02,0.005,0,0,0.02,40,0,30,,,,117690,0.99468493,,
K5_R1_5,lock,erase,0.04,0.005,0,0,0.04,40,0,30,,,,117690,0.99346272,,
K5_R1_5,lock,erase,0.06,0.005,0,0,0.06,40,0,30,,,,117690,0.99246212,,
K5_R1_5,lock,erase,0.09,0.005,0,0,0.09,40,0,30,,,,117690,0.99208732,,
K5_R1_5,lock,erase,0.12,0.005,0,0,0.12,40,0,30,,,,117690,0.99184159,,
K5_R1_5,lock,erase,0.15,0.005,0,0,0.15,40,0,30,,,,117690,0.99192307,,
K5_R1_5,lock,erase,0.1933,0.005,0,0,0.1933,40,0,30,,,,117690,0.99284491,,
K5_R1_5,lock,erase,0.2367,0.005,0,0,0.2367,40,0,30,,,,117690,0.99373665,,
K5_R1_5,lock,erase,0.28,0.005,0,0,0.28,40,0,30,,,,117690,0.99495192,,
K5_R1_5,lock,erase,0.3367,0.005,0,0,0.3367,40,0,30,,,,117690,0.99648418,,
K5_R1_5,lock,erase,0.3933,0.005,0,0,0.3933,40,0,30,,,,117690,0.99852351,,
K5_R1_5,lock,erase,0.45,0.005,0,0,0.45,40,0,30,,,,117690,0.99993661,,
K5_R1_5,lock,erase,0.5167,0.005,0,0,0.5167,40,0,30,,,,117690,0.99999918,,
K5_R1_5,lock,erase,0.5833,0.005,0,0,0.5833,40,0,30,,,,117690,0.99794093,,
K5_R1_5,lock,erase,0.65,0.005,0,0,0.65,40,0,30,,,,117690,0.98982402,,
K5_R1_5,lock,erase,0.7167,0.005,0,0,0.7167,40,0,30,,,,117690,0.97675179,,
K5_R1_5,lock,erase,0.7833,0.005,0,0,0.7833,40,0,30,,,,117690,0.95733579,,
K5_R1_5,lock,erase,0.85,0.005,0,0,0.85,40,0,30,,,,117690,0.92065401,,
K5_R1_5,lock,erase,0.9,0.005,0,0,0.9,40,0,30,,,,117690,0.87003569,,
K5_R1_5,lock,erase,0.95,0.005,0,0,0.95,40,0,30,,,,117690,0.75450099,,
K5_R1_5,lock,erase,1,0.005,0,0,0.999,40,0,30,,,,117690,1,,
